url,status,subpages,progress,last_updated,created_date
https://zh.wikipedia.org/wiki/,finished,209,100,2025-05-07T01:23:56.860564Z,2025-05-07T01:23:56.107923Z
https://en.wikipedia.org/wiki/,finished,150,100,2025-05-07T01:23:56.698042Z,2025-05-07T01:23:56.160527Z
https://pt.wikipedia.org/wiki/,finished,208,100,2025-05-07T01:23:57.017736Z,2025-05-07T01:23:56.166642Z
https://ja.wikipedia.org/wiki/,finished,235,100,2025-05-07T01:23:56.925310Z,2025-05-07T01:23:56.212185Z
https://es.wikipedia.org/wiki/,finished,210,100,2025-05-07T01:23:57.032548Z,2025-05-07T01:23:56.262332Z
https://fr.wikipedia.org/wiki/,finished,216,100,2025-05-07T01:23:57.840009Z,2025-05-07T01:23:56.979780Z
https://ru.wikipedia.org/wiki/,finished,193,100,2025-05-07T01:23:57.561598Z,2025-05-07T01:23:57.032831Z
https://tr.wikipedia.org/wiki/,finished,131,100,2025-05-07T01:23:57.844176Z,2025-05-07T01:23:57.063567Z
https://de.wikipedia.org/wiki/,finished,115,100,2025-05-07T01:23:57.521652Z,2025-05-07T01:23:57.032477Z
https://it.wikipedia.org/wiki/,finished,188,100,2025-05-07T01:23:57.873868Z,2025-05-07T01:23:56.990288Z
https://ar.wikipedia.org/wiki/,finished,235,100,2025-05-07T01:23:59.057357Z,2025-05-07T01:23:57.558906Z
https://en.wikipedia.org/wiki/#bodyContent,finished,0,100,2025-05-07T01:23:58.256492Z,2025-05-07T01:23:57.704367Z
https://en.wikipedia.org/wiki/Main_Page,finished,1,100,2025-05-07T01:23:58.323051Z,2025-05-07T01:23:57.860814Z
https://en.wikipedia.org/wiki/Wikipedia:Contents,finished,54,100,2025-05-07T01:23:58.377320Z,2025-05-07T01:23:57.874275Z
https://en.wikipedia.org/wiki/Portal:Current_events,finished,294,100,2025-05-07T01:23:58.678034Z,2025-05-07T01:23:57.900854Z
https://en.wikipedia.org/wiki/Wikipedia:About,finished,1,100,2025-05-07T01:23:58.941184Z,2025-05-07T01:23:58.374819Z
https://en.wikipedia.org/wiki/Special:Random,finished,1,100,2025-05-07T01:23:59.550213Z,2025-05-07T01:23:58.323585Z
https://en.wikipedia.org/wiki/Wikipedia:Contact_us,finished,6,100,2025-05-07T01:23:59.086399Z,2025-05-07T01:23:58.639394Z
https://en.wikipedia.org/wiki/Help:Contents,finished,2,100,2025-05-07T01:23:59.198039Z,2025-05-07T01:23:58.729043Z
https://en.wikipedia.org/wiki/Help:Introduction,finished,16,100,2025-05-07T01:23:59.385082Z,2025-05-07T01:23:58.941552Z
https://en.wikipedia.org/wiki/Special:RecentChanges,finished,4,100,2025-05-07T01:23:59.662699Z,2025-05-07T01:23:59.086922Z
https://en.wikipedia.org/wiki/Wikipedia:Community_portal,finished,5,100,2025-05-07T01:24:00.140289Z,2025-05-07T01:23:59.086630Z
https://en.wikipedia.org/wiki/Wikipedia:File_upload_wizard,finished,3,100,2025-05-07T01:23:59.754923Z,2025-05-07T01:23:59.198442Z
https://en.wikipedia.org/wiki/Special:SpecialPages,finished,17,100,2025-05-07T01:24:00.756167Z,2025-05-07T01:23:59.385482Z
https://en.wikipedia.org/wiki/Special:Search,finished,1,100,2025-05-07T01:24:00.482094Z,2025-05-07T01:23:59.572883Z
https://en.wikipedia.org/wiki/Special:MyContributions,finished,1,100,2025-05-07T01:24:01.344009Z,2025-05-07T01:23:59.678749Z
https://en.wikipedia.org/wiki/Special:MyTalk,finished,1,100,2025-05-07T01:24:00.515565Z,2025-05-07T01:23:59.765537Z
https://en.wikipedia.org/wiki/Talk:Main_Page,finished,248,100,2025-05-07T01:24:00.787713Z,2025-05-07T01:24:00.140859Z
https://en.wikipedia.org/wiki/Special:WhatLinksHere/Main_Page,finished,1,100,2025-05-07T01:24:02.920891Z,2025-05-07T01:24:00.482945Z
https://en.wikipedia.org/wiki/Special:RecentChangesLinked/Main_Page,finished,1,100,2025-05-07T01:24:01.262738Z,2025-05-07T01:24:00.664417Z
https://en.wikipedia.org/wiki/Wikipedia:File_Upload_Wizard,finished,2,100,2025-05-07T01:24:01.297210Z,2025-05-07T01:24:00.756980Z
https://en.wikipedia.org/wiki/Wikipedia,finished,1176,100,2025-05-07T01:24:02.952492Z,2025-05-07T01:24:00.838946Z
https://en.wikipedia.org/wiki/Free_content,finished,140,100,2025-05-07T01:24:02.575864Z,2025-05-07T01:24:01.298367Z
https://en.wikipedia.org/wiki/Encyclopedia,finished,166,100,2025-05-07T01:24:02.596490Z,2025-05-07T01:24:01.344444Z
https://en.wikipedia.org/wiki/Help:Introduction_to_Wikipedia,finished,1,100,2025-05-07T01:24:01.810128Z,2025-05-07T01:24:01.348207Z
https://en.wikipedia.org/wiki/Special:Statistics,finished,1,100,2025-05-07T01:24:03.213682Z,2025-05-07T01:24:01.837592Z
https://en.wikipedia.org/wiki/English_language,finished,932,100,2025-05-07T01:24:05.530305Z,2025-05-07T01:24:02.618071Z
"https://en.wikipedia.org/wiki/File:20241018_Pottery_Bowl,_Guandimiao_Site.jpg",finished,5,100,2025-05-07T01:24:03.279328Z,2025-05-07T01:24:02.832757Z
https://en.wikipedia.org/wiki/Guandimiao,finished,114,100,2025-05-07T01:24:03.734514Z,2025-05-07T01:24:02.949572Z
https://en.wikipedia.org/wiki/Xingyang,finished,38,100,2025-05-07T01:24:03.889018Z,2025-05-07T01:24:03.003709Z
https://en.wikipedia.org/wiki/Late_Shang,finished,1017,100,2025-05-07T01:24:05.142794Z,2025-05-07T01:24:03.260998Z
https://en.wikipedia.org/wiki/Chinese_hairpin,finished,124,100,2025-05-07T01:24:04.311191Z,2025-05-07T01:24:03.380173Z
https://en.wikipedia.org/wiki/Shang_dynasty,finished,288,100,2025-05-07T01:24:05.539300Z,2025-05-07T01:24:03.751407Z
https://en.wikipedia.org/wiki/Yinxu,finished,66,100,2025-05-07T01:24:05.304650Z,2025-05-07T01:24:03.958206Z
https://en.wikipedia.org/wiki/Pyromancy,finished,31,100,2025-05-07T01:24:05.388404Z,2025-05-07T01:24:04.394777Z
https://en.wikipedia.org/wiki/Oracle_bone,finished,288,100,2025-05-07T01:24:05.876097Z,2025-05-07T01:24:05.164384Z
https://en.wikipedia.org/wiki/Cowrie,finished,55,100,2025-05-07T01:24:05.951396Z,2025-05-07T01:24:05.539578Z
https://en.wikipedia.org/wiki/Animal_sacrifice,finished,288,100,2025-05-07T01:24:06.765453Z,2025-05-07T01:24:05.435316Z
https://en.wikipedia.org/wiki/Grave_goods,finished,62,100,2025-05-07T01:24:06.369004Z,2025-05-07T01:24:05.530922Z
https://en.wikipedia.org/wiki/Archaeological_excavation,finished,82,100,2025-05-07T01:24:06.548412Z,2025-05-07T01:24:05.590468Z
https://en.wikipedia.org/wiki/South%E2%80%93North_Water_Transfer_Project,finished,92,100,2025-05-07T01:24:06.740086Z,2025-05-07T01:24:05.878229Z
https://en.wikipedia.org/wiki/William_D._Leahy,finished,511,100,2025-05-07T01:24:07.040757Z,2025-05-07T01:24:05.952487Z
https://en.wikipedia.org/wiki/Kingdom_Hearts:_Chain_of_Memories,finished,249,100,2025-05-07T01:24:07.980865Z,2025-05-07T01:24:06.459670Z
https://en.wikipedia.org/wiki/Hualca_Hualca,finished,389,100,2025-05-07T01:24:07.932188Z,2025-05-07T01:24:06.565236Z
https://en.wikipedia.org/wiki/Wikipedia:Today%27s_featured_article/May_2025,finished,1,100,2025-05-07T01:24:07.648484Z,2025-05-07T01:24:06.746000Z
https://en.wikipedia.org/wiki/Wikipedia:Featured_articles,finished,49,100,2025-05-07T01:24:09.552817Z,2025-05-07T01:24:06.766067Z
https://en.wikipedia.org/wiki/Wikipedia:About_Today%27s_featured_article,finished,1,100,2025-05-07T01:24:07.632126Z,2025-05-07T01:24:07.042660Z
https://en.wikipedia.org/wiki/File:Sachertorte_DSC03027_retouched.jpg,finished,6,100,2025-05-07T01:24:08.220145Z,2025-05-07T01:24:07.737452Z
https://en.wikipedia.org/wiki/Sachertorte,finished,61,100,2025-05-07T01:24:08.459701Z,2025-05-07T01:24:07.838088Z
https://en.wikipedia.org/wiki/KSRN,finished,33,100,2025-05-07T01:24:08.844850Z,2025-05-07T01:24:07.948490Z
https://en.wikipedia.org/wiki/Muchipara_Assembly_constituency,finished,39,100,2025-05-07T01:24:09.018402Z,2025-05-07T01:24:07.991676Z
https://en.wikipedia.org/wiki/1952_West_Bengal_Legislative_Assembly_election,finished,17,100,2025-05-07T01:24:09.388397Z,2025-05-07T01:24:08.221094Z
https://en.wikipedia.org/wiki/Parasitic_ant,finished,172,100,2025-05-07T01:24:09.553047Z,2025-05-07T01:24:08.465793Z
https://en.wikipedia.org/wiki/Jim_Aldred,finished,272,100,2025-05-07T01:24:10.790004Z,2025-05-07T01:24:08.972331Z
https://en.wikipedia.org/wiki/Bernard_Schwartz_House,finished,499,100,2025-05-07T01:24:10.192599Z,2025-05-07T01:24:09.148453Z
https://en.wikipedia.org/wiki/Frank_Lloyd_Wright,finished,435,100,2025-05-07T01:24:10.917438Z,2025-05-07T01:24:09.394359Z
https://en.wikipedia.org/wiki/Peter_Sprenger,finished,25,100,2025-05-07T01:24:10.154883Z,2025-05-07T01:24:09.553726Z
https://en.wikipedia.org/wiki/Mount_Everest,finished,1001,100,2025-05-07T01:24:12.125941Z,2025-05-07T01:24:09.604563Z
https://en.wikipedia.org/wiki/Aramaic_inscription_of_Yanouh,finished,37,100,2025-05-07T01:24:11.380490Z,2025-05-07T01:24:10.160808Z
https://en.wikipedia.org/wiki/Aramaic,finished,428,100,2025-05-07T01:24:12.104881Z,2025-05-07T01:24:10.193661Z
https://en.wikipedia.org/wiki/Mount_Lebanon,finished,81,100,2025-05-07T01:24:12.278087Z,2025-05-07T01:24:10.922728Z
https://en.wikipedia.org/wiki/Wikipedia:Recent_additions,finished,265,100,2025-05-07T01:24:12.857062Z,2025-05-07T01:24:11.449106Z
"https://en.wikipedia.org/wiki/Fat_pope,_thin_pope",finished,46,100,2025-05-07T01:24:12.294387Z,2025-05-07T01:24:11.008840Z
https://en.wikipedia.org/wiki/Template_talk:Did_you_know,finished,848,100,2025-05-07T01:24:18.993036Z,2025-05-07T01:24:12.272733Z
https://en.wikipedia.org/wiki/File:Zhao_Xintong_2025.jpg,finished,5,100,2025-05-07T01:24:12.967668Z,2025-05-07T01:24:12.295141Z
https://en.wikipedia.org/wiki/Help:Your_first_article,finished,20,100,2025-05-07T01:24:13.070016Z,2025-05-07T01:24:12.160234Z
https://en.wikipedia.org/wiki/Zhao_Xintong,finished,173,100,2025-05-07T01:24:13.266802Z,2025-05-07T01:24:12.380261Z
https://en.wikipedia.org/wiki/Mark_Williams_(snooker_player),finished,637,100,2025-05-07T01:24:15.257092Z,2025-05-07T01:24:12.972967Z
https://en.wikipedia.org/wiki/2025_World_Snooker_Championship,finished,668,100,2025-05-07T01:24:15.283534Z,2025-05-07T01:24:13.141564Z
https://en.wikipedia.org/wiki/Junior_Alvarado,finished,12,100,2025-05-07T01:24:13.726520Z,2025-05-07T01:24:13.268016Z
https://en.wikipedia.org/wiki/Sovereignty_(horse),finished,53,100,2025-05-07T01:24:13.887894Z,2025-05-07T01:24:13.267832Z
https://en.wikipedia.org/wiki/2025_Kentucky_Derby,finished,39,100,2025-05-07T01:24:14.845625Z,2025-05-07T01:24:13.790708Z
https://en.wikipedia.org/wiki/2025_Singaporean_general_election,finished,1360,100,2025-05-07T01:24:18.490915Z,2025-05-07T01:24:14.216591Z
https://en.wikipedia.org/wiki/People%27s_Action_Party,finished,318,100,2025-05-07T01:24:17.815515Z,2025-05-07T01:24:14.929847Z
https://en.wikipedia.org/wiki/Supermajority,finished,187,100,2025-05-07T01:24:16.952209Z,2025-05-07T01:24:15.284440Z
https://en.wikipedia.org/wiki/Australian_Labor_Party,finished,333,100,2025-05-07T01:24:18.777627Z,2025-05-07T01:24:15.642315Z
https://en.wikipedia.org/wiki/2025_Australian_federal_election,finished,605,100,2025-05-07T01:24:19.337609Z,2025-05-07T01:24:17.167431Z
https://en.wikipedia.org/wiki/Gaza_war,finished,1670,100,2025-05-07T01:24:25.996909Z,2025-05-07T01:24:17.982954Z
https://en.wikipedia.org/wiki/M23_campaign_(2022%E2%80%93present),finished,1610,100,2025-05-07T01:24:24.152664Z,2025-05-07T01:24:18.558526Z
https://en.wikipedia.org/wiki/Russian_invasion_of_Ukraine,finished,1585,100,2025-05-07T01:24:26.626803Z,2025-05-07T01:24:18.887692Z
https://en.wikipedia.org/wiki/Timeline_of_the_Russian_invasion_of_Ukraine_(1_January_2025_%E2%80%93_present),finished,1341,100,2025-05-07T01:24:26.129604Z,2025-05-07T01:24:19.047752Z
https://en.wikipedia.org/wiki/Sudanese_civil_war_(2023%E2%80%93present),finished,1187,100,2025-05-07T01:24:26.124386Z,2025-05-07T01:24:19.338681Z
https://en.wikipedia.org/wiki/Timeline_of_the_Sudanese_civil_war_(2025),finished,522,100,2025-05-07T01:24:26.492563Z,2025-05-07T01:24:24.231472Z
https://en.wikipedia.org/wiki/Deaths_in_2025,finished,219,100,2025-05-07T01:24:26.757640Z,2025-05-07T01:24:26.084615Z
https://en.wikipedia.org/wiki/Samuel_Escobar,finished,56,100,2025-05-07T01:24:26.899750Z,2025-05-07T01:24:26.241290Z
https://en.wikipedia.org/wiki/Christfried_Schmidt,finished,55,100,2025-05-07T01:24:26.924684Z,2025-05-07T01:24:26.373502Z
https://en.wikipedia.org/wiki/Kari_L%C3%B8vaas,finished,51,100,2025-05-07T01:24:27.097142Z,2025-05-07T01:24:26.591097Z
https://en.wikipedia.org/wiki/Inah_Canabarro_Lucas,finished,53,100,2025-05-07T01:24:27.235523Z,2025-05-07T01:24:26.709277Z
https://en.wikipedia.org/wiki/Roy_Cooper_(rodeo_cowboy),finished,122,100,2025-05-07T01:24:27.245236Z,2025-05-07T01:24:26.758377Z
https://en.wikipedia.org/wiki/Charles_Beare,finished,45,100,2025-05-07T01:24:27.324895Z,2025-05-07T01:24:26.910611Z
https://en.wikipedia.org/wiki/Wikipedia:In_the_news/Candidates,finished,578,100,2025-05-07T01:24:29.855182Z,2025-05-07T01:24:26.976387Z
https://en.wikipedia.org/wiki/May_7,finished,170,100,2025-05-07T01:24:29.138173Z,2025-05-07T01:24:27.099477Z
https://en.wikipedia.org/wiki/1487,finished,18,100,2025-05-07T01:24:27.785242Z,2025-05-07T01:24:27.246048Z
https://en.wikipedia.org/wiki/File:Robespierre.jpg,finished,6,100,2025-05-07T01:24:29.319617Z,2025-05-07T01:24:27.245352Z
https://en.wikipedia.org/wiki/Granada_War,finished,119,100,2025-05-07T01:24:29.325250Z,2025-05-07T01:24:27.326650Z
https://en.wikipedia.org/wiki/Crown_of_Aragon,finished,127,100,2025-05-07T01:24:30.417944Z,2025-05-07T01:24:29.134187Z
https://en.wikipedia.org/wiki/Crown_of_Castile,finished,55,100,2025-05-07T01:24:30.331291Z,2025-05-07T01:24:29.326249Z
https://en.wikipedia.org/wiki/Siege_of_M%C3%A1laga_(1487),finished,74,100,2025-05-07T01:24:30.291038Z,2025-05-07T01:24:29.481606Z
https://en.wikipedia.org/wiki/Iberian_Peninsula,finished,525,100,2025-05-07T01:24:30.912190Z,2025-05-07T01:24:29.556654Z
https://en.wikipedia.org/wiki/1794,finished,76,100,2025-05-07T01:24:31.153370Z,2025-05-07T01:24:29.982826Z
https://en.wikipedia.org/wiki/French_Revolution,finished,740,100,2025-05-07T01:24:33.022341Z,2025-05-07T01:24:30.336848Z
https://en.wikipedia.org/wiki/Maximilien_Robespierre,finished,1231,100,2025-05-07T01:24:34.287441Z,2025-05-07T01:24:30.389794Z
https://en.wikipedia.org/wiki/Cult_of_the_Supreme_Being,finished,78,100,2025-05-07T01:24:31.322650Z,2025-05-07T01:24:30.542434Z
https://en.wikipedia.org/wiki/State_religion,finished,471,100,2025-05-07T01:24:34.311868Z,2025-05-07T01:24:30.914980Z
https://en.wikipedia.org/wiki/French_First_Republic,finished,25,100,2025-05-07T01:24:33.047940Z,2025-05-07T01:24:31.282774Z
https://en.wikipedia.org/wiki/1798,finished,77,100,2025-05-07T01:24:34.143065Z,2025-05-07T01:24:31.652734Z
https://en.wikipedia.org/wiki/War_of_the_First_Coalition,finished,117,100,2025-05-07T01:24:34.557793Z,2025-05-07T01:24:33.168577Z
https://en.wikipedia.org/wiki/Battle_of_the_%C3%8Eles_Saint-Marcouf,finished,44,100,2025-05-07T01:24:34.561878Z,2025-05-07T01:24:33.728293Z
https://en.wikipedia.org/wiki/%C3%8Eles_Saint-Marcouf,finished,15,100,2025-05-07T01:24:34.710684Z,2025-05-07T01:24:34.247349Z
https://en.wikipedia.org/wiki/1937,finished,171,100,2025-05-07T01:24:36.034234Z,2025-05-07T01:24:34.357979Z
https://en.wikipedia.org/wiki/Fleischer_Studios,finished,94,100,2025-05-07T01:24:36.224674Z,2025-05-07T01:24:34.495613Z
https://en.wikipedia.org/wiki/New_York_City,finished,1421,100,2025-05-07T01:24:39.351847Z,2025-05-07T01:24:34.562635Z
https://en.wikipedia.org/wiki/1937_Fleischer_Studios_strike,finished,299,100,2025-05-07T01:24:36.028794Z,2025-05-07T01:24:34.614105Z
https://en.wikipedia.org/wiki/1946,finished,227,100,2025-05-07T01:24:37.286672Z,2025-05-07T01:24:34.712862Z
https://en.wikipedia.org/wiki/Masaru_Ibuka,finished,50,100,2025-05-07T01:24:37.286344Z,2025-05-07T01:24:36.092467Z
https://en.wikipedia.org/wiki/Akio_Morita,finished,72,100,2025-05-07T01:24:37.498108Z,2025-05-07T01:24:36.248160Z
https://en.wikipedia.org/wiki/Sony,finished,647,100,2025-05-07T01:24:39.184439Z,2025-05-07T01:24:36.400816Z
https://en.wikipedia.org/wiki/Mary_of_Modena,finished,334,100,2025-05-07T01:24:39.071625Z,2025-05-07T01:24:37.380497Z
https://en.wikipedia.org/wiki/Willard_Boyle,finished,50,100,2025-05-07T01:24:39.174906Z,2025-05-07T01:24:37.798783Z
https://en.wikipedia.org/wiki/Tore_Wretman,finished,98,100,2025-05-07T01:24:38.901269Z,2025-05-07T01:24:37.519347Z
https://en.wikipedia.org/wiki/May_8,finished,135,100,2025-05-07T01:24:39.891399Z,2025-05-07T01:24:39.086652Z
https://en.wikipedia.org/wiki/Wikipedia:Selected_anniversaries/May,finished,32,100,2025-05-07T01:24:40.433301Z,2025-05-07T01:24:39.195982Z
https://en.wikipedia.org/wiki/May_6,finished,113,100,2025-05-07T01:24:40.652234Z,2025-05-07T01:24:39.035511Z
https://en.wikipedia.org/wiki/Wikipedia:Selected_anniversaries,finished,43,100,2025-05-07T01:24:40.795979Z,2025-05-07T01:24:39.352633Z
https://en.wikipedia.org/wiki/List_of_days_of_the_year,finished,6,100,2025-05-07T01:24:40.379434Z,2025-05-07T01:24:39.324756Z
https://en.wikipedia.org/wiki/File:Sumatran_Ground-Cuckoo_0A2A4427.jpg,finished,6,100,2025-05-07T01:24:41.679957Z,2025-05-07T01:24:40.347441Z
https://en.wikipedia.org/wiki/Sumatran_ground_cuckoo,finished,43,100,2025-05-07T01:24:40.857658Z,2025-05-07T01:24:40.395666Z
https://en.wikipedia.org/wiki/Terrestrial_animal,finished,55,100,2025-05-07T01:24:41.616352Z,2025-05-07T01:24:40.530838Z
https://en.wikipedia.org/wiki/Cuckoo,finished,169,100,2025-05-07T01:24:42.947860Z,2025-05-07T01:24:40.653434Z
https://en.wikipedia.org/wiki/Endemism,finished,134,100,2025-05-07T01:24:41.466187Z,2025-05-07T01:24:40.812334Z
https://en.wikipedia.org/wiki/Sumatra,finished,135,100,2025-05-07T01:24:41.608191Z,2025-05-07T01:24:40.858455Z
https://en.wikipedia.org/wiki/Montane_ecosystem,finished,98,100,2025-05-07T01:24:43.047515Z,2025-05-07T01:24:41.515668Z
https://en.wikipedia.org/wiki/Critically_endangered,finished,20,100,2025-05-07T01:24:42.662109Z,2025-05-07T01:24:41.677864Z
https://en.wikipedia.org/wiki/IUCN_Red_List,finished,91,100,2025-05-07T01:24:42.544291Z,2025-05-07T01:24:41.684629Z
https://en.wikipedia.org/wiki/Jambi,finished,48,100,2025-05-07T01:24:42.744599Z,2025-05-07T01:24:41.731861Z
https://en.wikipedia.org/wiki/User:JJ_Harrison,finished,1,100,2025-05-07T01:24:43.418777Z,2025-05-07T01:24:42.720597Z
https://en.wikipedia.org/wiki/Mount_Kunyit,finished,8,100,2025-05-07T01:24:43.511836Z,2025-05-07T01:24:42.683427Z
https://en.wikipedia.org/wiki/Template:POTD/2025-05-06,finished,2,100,2025-05-07T01:24:43.249867Z,2025-05-07T01:24:42.907321Z
https://en.wikipedia.org/wiki/Template:POTD/2025-05-05,finished,2,100,2025-05-07T01:24:43.476220Z,2025-05-07T01:24:42.949704Z
https://en.wikipedia.org/wiki/Template:POTD/2025-05-04,finished,2,100,2025-05-07T01:24:43.332780Z,2025-05-07T01:24:43.048402Z
https://en.wikipedia.org/wiki/Wikipedia:Picture_of_the_day/Archive,finished,1,100,2025-05-07T01:24:44.786845Z,2025-05-07T01:24:43.250715Z
https://en.wikipedia.org/wiki/Wikipedia:Featured_pictures,finished,107,100,2025-05-07T01:24:43.751246Z,2025-05-07T01:24:43.333933Z
https://en.wikipedia.org/wiki/Wikipedia:Village_pump,finished,11,100,2025-05-07T01:24:43.890529Z,2025-05-07T01:24:43.420092Z
https://en.wikipedia.org/wiki/Wikipedia:News,finished,1,100,2025-05-07T01:24:44.226349Z,2025-05-07T01:24:43.497887Z
https://en.wikipedia.org/wiki/Wikipedia:Teahouse,finished,258,100,2025-05-07T01:24:45.476633Z,2025-05-07T01:24:43.564641Z
https://en.wikipedia.org/wiki/Wikipedia:Help_desk,finished,116,100,2025-05-07T01:24:44.520245Z,2025-05-07T01:24:43.752090Z
https://en.wikipedia.org/wiki/Wikipedia:Reference_desk,finished,11,100,2025-05-07T01:24:44.635912Z,2025-05-07T01:24:43.891385Z
https://en.wikipedia.org/wiki/Wikipedia:Contents/Portals,finished,14,100,2025-05-07T01:24:45.091202Z,2025-05-07T01:24:44.416771Z
https://en.wikipedia.org/wiki/Wikimedia_Foundation,finished,504,100,2025-05-07T01:24:45.897352Z,2025-05-07T01:24:44.614507Z
https://en.wikipedia.org/wiki/Wikipedia:Text_of_the_Creative_Commons_Attribution-ShareAlike_4.0_International_License,finished,18,100,2025-05-07T01:24:45.266881Z,2025-05-07T01:24:44.787035Z
https://en.wikipedia.org/wiki/Wikipedia:General_disclaimer,finished,1,100,2025-05-07T01:24:45.486049Z,2025-05-07T01:24:44.840191Z
https://zh.wikipedia.org/wiki/#bodyContent,finished,0,100,2025-05-07T01:24:46.068069Z,2025-05-07T01:24:45.224095Z
https://zh.wikipedia.org/wiki/Wikipedia:%E5%88%86%E7%B1%BB%E7%B4%A2%E5%BC%95,finished,1,100,2025-05-07T01:24:46.710342Z,2025-05-07T01:24:45.773185Z
https://zh.wikipedia.org/wiki/Wikipedia:%E9%A6%96%E9%A1%B5,finished,1,100,2025-05-07T01:24:46.432230Z,2025-05-07T01:24:45.592136Z
https://zh.wikipedia.org/wiki/Portal:%E7%89%B9%E8%89%B2%E5%85%A7%E5%AE%B9,finished,3,100,2025-05-07T01:24:46.286902Z,2025-05-07T01:24:45.900755Z
https://zh.wikipedia.org/wiki/Portal:%E6%96%B0%E8%81%9E%E5%8B%95%E6%85%8B,finished,68,100,2025-05-07T01:24:46.835976Z,2025-05-07T01:24:45.949721Z
https://zh.wikipedia.org/wiki/Special:%E6%9C%80%E8%BF%91%E6%9B%B4%E6%94%B9,finished,1,100,2025-05-07T01:24:48.468602Z,2025-05-07T01:24:46.069269Z
https://zh.wikipedia.org/wiki/Special:%E9%9A%8F%E6%9C%BA%E9%A1%B5%E9%9D%A2,finished,8,100,2025-05-07T01:24:48.097388Z,2025-05-07T01:24:46.287882Z
https://zh.wikipedia.org/wiki/Help:%E7%9B%AE%E5%BD%95,finished,1,100,2025-05-07T01:24:47.550081Z,2025-05-07T01:24:46.433175Z
https://zh.wikipedia.org/wiki/Wikipedia:%E7%A4%BE%E7%BE%A4%E9%A6%96%E9%A1%B5,finished,6,100,2025-05-07T01:24:50.768814Z,2025-05-07T01:24:46.711268Z
https://zh.wikipedia.org/wiki/Wikipedia:%E6%96%B9%E9%87%9D%E8%88%87%E6%8C%87%E5%BC%95,finished,11,100,2025-05-07T01:24:48.196640Z,2025-05-07T01:24:46.838741Z
https://zh.wikipedia.org/wiki/Wikipedia:%E4%BA%92%E5%8A%A9%E5%AE%A2%E6%A0%88,finished,101,100,2025-05-07T01:24:49.312698Z,2025-05-07T01:24:47.550957Z
https://zh.wikipedia.org/wiki/Wikipedia:%E7%9F%A5%E8%AF%86%E9%97%AE%E7%AD%94,finished,173,100,2025-05-07T01:24:49.954552Z,2025-05-07T01:24:48.121163Z
https://zh.wikipedia.org/wiki/Wikipedia:%E5%AD%97%E8%AF%8D%E8%BD%AC%E6%8D%A2,finished,642,100,2025-05-07T01:24:50.544895Z,2025-05-07T01:24:48.197702Z
https://zh.wikipedia.org/wiki/Wikipedia:IRC%E8%81%8A%E5%A4%A9%E9%A2%91%E9%81%93,finished,3,100,2025-05-07T01:24:49.968576Z,2025-05-07T01:24:48.469503Z
https://zh.wikipedia.org/wiki/Wikipedia:%E8%81%94%E7%BB%9C%E6%88%91%E4%BB%AC,finished,6,100,2025-05-07T01:24:50.532570Z,2025-05-07T01:24:49.313835Z
https://zh.wikipedia.org/wiki/Special:%E7%89%B9%E6%AE%8A%E9%A1%B5%E9%9D%A2,finished,15,100,2025-05-07T01:24:51.143454Z,2025-05-07T01:24:49.969691Z
https://zh.wikipedia.org/wiki/Wikipedia:%E5%85%B3%E4%BA%8E,finished,1,100,2025-05-07T01:24:51.417013Z,2025-05-07T01:24:49.968871Z
https://zh.wikipedia.org/wiki/Special:%E6%90%9C%E7%B4%A2,finished,1,100,2025-05-07T01:24:51.330604Z,2025-05-07T01:24:50.597130Z
https://zh.wikipedia.org/wiki/Help:%E6%96%B0%E6%89%8B%E5%85%A5%E9%97%A8,finished,1,100,2025-05-07T01:24:52.122505Z,2025-05-07T01:24:50.753362Z
https://zh.wikipedia.org/wiki/Special:%E6%88%91%E7%9A%84%E8%B4%A1%E7%8C%AE,finished,1,100,2025-05-07T01:24:52.362461Z,2025-05-07T01:24:50.822235Z
https://zh.wikipedia.org/wiki/Special:%E6%88%91%E7%9A%84%E8%AE%A8%E8%AE%BA%E9%A1%B5,finished,1,100,2025-05-07T01:24:51.768393Z,2025-05-07T01:24:51.144532Z
https://zh.wikipedia.org/wiki/Wikipedia_talk:%E9%A6%96%E9%A1%B5,finished,36,100,2025-05-07T01:24:52.931436Z,2025-05-07T01:24:51.331604Z
https://zh.wikipedia.org/wiki/Special:%E9%93%BE%E5%85%A5%E9%A1%B5%E9%9D%A2/Wikipedia:%E9%A6%96%E9%A1%B5,finished,1,100,2025-05-07T01:24:52.621782Z,2025-05-07T01:24:51.420043Z
https://zh.wikipedia.org/wiki/Special:%E9%93%BE%E5%87%BA%E6%9B%B4%E6%94%B9/Wikipedia:%E9%A6%96%E9%A1%B5,finished,1,100,2025-05-07T01:24:54.064367Z,2025-05-07T01:24:51.769391Z
https://zh.wikipedia.org/wiki/Project:上传,finished,2,100,2025-05-07T01:24:54.246998Z,2025-05-07T01:24:52.123498Z
https://zh.wikipedia.org/wiki/Wikipedia:%E6%AC%A2%E8%BF%8E,finished,9,100,2025-05-07T01:24:54.483890Z,2025-05-07T01:24:52.363616Z
https://zh.wikipedia.org/wiki/%E8%87%AA%E7%94%B1%E5%85%A7%E5%AE%B9,finished,8,100,2025-05-07T01:24:54.105078Z,2025-05-07T01:24:52.622830Z
https://zh.wikipedia.org/wiki/Special:%E7%BB%9F%E8%AE%A1,finished,1,100,2025-05-07T01:24:54.128831Z,2025-05-07T01:24:52.932468Z
https://zh.wikipedia.org/wiki/Wikipedia:%E5%88%86%E9%A1%9E%E7%B4%A2%E5%BC%95,finished,1,100,2025-05-07T01:24:54.588371Z,2025-05-07T01:24:54.117764Z
https://zh.wikipedia.org/wiki/Portal:%E9%A6%96%E9%A0%81,finished,2,100,2025-05-07T01:24:55.778493Z,2025-05-07T01:24:54.204124Z
https://zh.wikipedia.org/wiki/Wikipedia:%E4%BB%80%E4%B9%88%E6%98%AF%E6%9D%A1%E7%9B%AE,finished,24,100,2025-05-07T01:24:56.441940Z,2025-05-07T01:24:54.071611Z
https://zh.wikipedia.org/wiki/Wikipedia:%E4%BA%92%E5%8A%A9%E5%AE%A2%E6%A0%88/%E6%B1%82%E5%8A%A9,finished,327,100,2025-05-07T01:24:56.503044Z,2025-05-07T01:24:54.358879Z
https://zh.wikipedia.org/wiki/Wikipedia:%E6%96%B0%E6%89%8B%E5%85%A5%E9%96%80/%E4%B8%BB%E9%A0%81,finished,1,100,2025-05-07T01:24:55.611044Z,2025-05-07T01:24:54.485132Z
https://zh.wikipedia.org/wiki/Wikipedia:%E6%B2%99%E7%9B%92,finished,1,100,2025-05-07T01:24:56.267639Z,2025-05-07T01:24:54.589315Z
https://zh.wikipedia.org/wiki/Wikipedia:%E8%81%94%E7%BB%9C%E6%88%91%E4%BB%AC/%E6%8D%90%E8%B5%A0%E8%80%85,finished,1,100,2025-05-07T01:24:56.764461Z,2025-05-07T01:24:55.612054Z
https://zh.wikipedia.org/wiki/%E6%97%A5%E6%9C%AC,finished,1153,100,2025-05-07T01:24:58.147420Z,2025-05-07T01:24:55.780247Z
https://zh.wikipedia.org/wiki/%E5%AD%9D%E5%BE%B7%E5%A4%A9%E7%9A%87,finished,9,100,2025-05-07T01:24:58.147549Z,2025-05-07T01:24:56.394962Z
https://zh.wikipedia.org/wiki/%E6%97%A5%E6%9C%AC%E5%B9%B4%E8%99%9F,finished,108,100,2025-05-07T01:24:58.093599Z,2025-05-07T01:24:56.504120Z
https://zh.wikipedia.org/wiki/%E5%A4%A7%E5%8C%96_(%E6%97%A5%E6%9C%AC),finished,9,100,2025-05-07T01:24:57.815588Z,2025-05-07T01:24:56.501515Z
https://zh.wikipedia.org/wiki/%E7%BA%AA%E5%B9%B4,finished,36,100,2025-05-07T01:24:58.445934Z,2025-05-07T01:24:56.801853Z
https://zh.wikipedia.org/wiki/%E6%97%A5%E6%9C%AC%E9%A3%9B%E9%B3%A5%E6%99%82%E4%BB%A3%E5%B9%B4%E8%99%9F%E5%88%97%E8%A1%A8,finished,72,100,2025-05-07T01:24:59.608898Z,2025-05-07T01:24:58.029422Z
https://zh.wikipedia.org/wiki/%E5%A4%A7%E5%8C%96%E6%94%B9%E6%96%B0,finished,15,100,2025-05-07T01:24:59.282554Z,2025-05-07T01:24:58.149778Z
https://zh.wikipedia.org/wiki/%E7%9A%87%E6%9E%81%E5%A4%A9%E7%9A%87,finished,4,100,2025-05-07T01:24:59.847859Z,2025-05-07T01:24:58.201215Z
https://zh.wikipedia.org/wiki/%E5%A4%A9%E6%99%BA%E5%A4%A9%E7%9A%87,finished,11,100,2025-05-07T01:24:59.780886Z,2025-05-07T01:24:58.252791Z
https://zh.wikipedia.org/wiki/%E5%BC%98%E6%96%87%E5%A4%A9%E7%9A%87,finished,3,100,2025-05-07T01:24:59.963813Z,2025-05-07T01:24:58.446978Z
https://zh.wikipedia.org/wiki/%E6%8C%81%E7%BB%9F%E5%A4%A9%E7%9A%87,finished,11,100,2025-05-07T01:25:01.293114Z,2025-05-07T01:24:59.283598Z
https://zh.wikipedia.org/wiki/%E5%A4%A9%E6%AD%A6%E5%A4%A9%E7%9A%87,finished,3,100,2025-05-07T01:25:01.513309Z,2025-05-07T01:24:59.640914Z
https://zh.wikipedia.org/wiki/%E6%96%87%E6%AD%A6%E5%A4%A9%E7%9A%87,finished,3,100,2025-05-07T01:25:01.296409Z,2025-05-07T01:24:59.787565Z
https://zh.wikipedia.org/wiki/%E5%A4%A7%E5%AE%9D_(%E6%97%A5%E6%9C%AC),finished,9,100,2025-05-07T01:25:00.978779Z,2025-05-07T01:24:59.848962Z
https://zh.wikipedia.org/wiki/%E4%B8%AD%E5%9C%8B%E5%8F%A4%E7%B1%8D,finished,6,100,2025-05-07T01:25:01.121172Z,2025-05-07T01:24:59.964887Z
https://zh.wikipedia.org/wiki/%E5%A4%A9%E7%9A%87,finished,74,100,2025-05-07T01:25:02.899256Z,2025-05-07T01:25:01.049621Z
https://zh.wikipedia.org/wiki/Wikipedia:%E5%85%B8%E8%8C%83%E6%9D%A1%E7%9B%AE,finished,48,100,2025-05-07T01:25:02.514713Z,2025-05-07T01:25:01.174219Z
https://zh.wikipedia.org/wiki/%E5%85%83%E6%9C%9D,finished,545,100,2025-05-07T01:25:04.240325Z,2025-05-07T01:25:01.297724Z
https://zh.wikipedia.org/wiki/%E5%80%A9%E5%A5%B3%E5%B9%BD%E9%AD%82_(1987%E5%B9%B4%E9%9B%BB%E5%BD%B1),finished,292,100,2025-05-07T01:25:04.201302Z,2025-05-07T01:25:01.347981Z
https://zh.wikipedia.org/wiki/%E9%A2%B1%E9%A2%A8%E6%9F%A5%E7%89%B9%E5%AE%89,finished,208,100,2025-05-07T01:25:03.022288Z,2025-05-07T01:25:01.514511Z
https://zh.wikipedia.org/wiki/Wikipedia:%E7%89%B9%E8%89%B2%E5%88%97%E8%A1%A8,finished,13,100,2025-05-07T01:25:04.025739Z,2025-05-07T01:25:02.516148Z
https://zh.wikipedia.org/wiki/2010%E5%B9%B4%E5%A4%AA%E5%B9%B3%E6%B4%8B%E9%A3%93%E9%A3%8E%E5%AD%A3%E6%97%B6%E9%97%B4%E8%BD%B4,finished,131,100,2025-05-07T01:25:04.841993Z,2025-05-07T01:25:02.968122Z
https://zh.wikipedia.org/wiki/%E7%A1%9A%E5%8F%A3%E5%8C%BA%E5%90%84%E7%BA%A7%E6%96%87%E7%89%A9%E4%BF%9D%E6%8A%A4%E5%8D%95%E4%BD%8D%E5%88%97%E8%A1%A8,finished,91,100,2025-05-07T01:25:04.948419Z,2025-05-07T01:25:03.023777Z
https://zh.wikipedia.org/wiki/%E9%98%BF%E9%A6%AC%E5%B8%95%E5%B7%9E%E5%B8%82%E9%8E%AE%E5%88%97%E8%A1%A8,finished,35,100,2025-05-07T01:25:05.679885Z,2025-05-07T01:25:04.133450Z
https://zh.wikipedia.org/wiki/Wikipedia:%E5%85%B8%E8%8C%83%E6%9D%A1%E7%9B%AE%E8%AF%84%E9%80%89,finished,82,100,2025-05-07T01:25:06.678281Z,2025-05-07T01:25:04.241463Z
https://zh.wikipedia.org/wiki/Wikipedia:%E7%89%B9%E8%89%B2%E5%88%97%E8%A1%A8%E8%AF%84%E9%80%89,finished,12,100,2025-05-07T01:25:06.042416Z,2025-05-07T01:25:04.266818Z
https://zh.wikipedia.org/wiki/Wikipedia:%E5%85%B8%E8%8C%83%E6%9D%A1%E7%9B%AE/%E5%AD%98%E6%A1%A3,finished,2,100,2025-05-07T01:25:06.413407Z,2025-05-07T01:25:04.843282Z
https://zh.wikipedia.org/wiki/File:%E6%9F%B3%E4%B8%AD%E5%8F%A4%E5%9F%8E%E6%AD%A3%E9%9D%A2_Liuzhong_ruins.jpg,finished,5,100,2025-05-07T01:25:06.195251Z,2025-05-07T01:25:04.949624Z
https://zh.wikipedia.org/wiki/%E9%9D%9C%E5%AE%9C%E5%A4%A7%E5%AD%B8%E4%BA%8C%E4%BA%8C%E5%85%AB%E7%B4%80%E5%BF%B5%E7%A2%91,finished,17,100,2025-05-07T01:25:07.069766Z,2025-05-07T01:25:05.681166Z
https://zh.wikipedia.org/wiki/%E4%BA%8C%E4%BA%8C%E5%85%AB%E5%92%8C%E5%B9%B3%E7%B4%80%E5%BF%B5%E7%A2%91,finished,21,100,2025-05-07T01:25:07.503005Z,2025-05-07T01:25:06.043632Z
https://zh.wikipedia.org/wiki/%E7%A6%8F%E5%BB%BA%E7%9C%81,finished,114,100,2025-05-07T01:25:08.318811Z,2025-05-07T01:25:06.196443Z
https://zh.wikipedia.org/wiki/%E4%B8%89%E6%98%8E%E5%B8%82,finished,68,100,2025-05-07T01:25:08.978393Z,2025-05-07T01:25:06.414581Z
https://zh.wikipedia.org/wiki/%E4%B8%89%E6%98%8E%E5%B8%82%E5%8D%9A%E7%89%A9%E9%A6%86,finished,38,100,2025-05-07T01:25:08.236243Z,2025-05-07T01:25:06.679459Z
https://zh.wikipedia.org/wiki/%E9%A6%AC%E9%81%94%E5%8A%A0%E6%96%AF%E5%8A%A0%E7%9A%84%E7%8B%90%E7%8C%B4,finished,167,100,2025-05-07T01:25:08.844095Z,2025-05-07T01:25:07.071009Z
https://zh.wikipedia.org/wiki/%E7%8B%90%E7%8C%B4,finished,11,100,2025-05-07T01:25:08.447481Z,2025-05-07T01:25:07.504182Z
https://zh.wikipedia.org/wiki/%E5%88%86%E9%A1%9E%E5%AD%B8,finished,4,100,2025-05-07T01:25:09.835944Z,2025-05-07T01:25:08.278018Z
https://zh.wikipedia.org/wiki/%E5%88%86%E9%A1%9E%E8%86%A8%E8%84%B9,finished,6,100,2025-05-07T01:25:09.446713Z,2025-05-07T01:25:08.453355Z
https://zh.wikipedia.org/wiki/%E5%9C%A3%E7%BB%8F,finished,105,100,2025-05-07T01:25:11.514825Z,2025-05-07T01:25:08.767566Z
https://zh.wikipedia.org/wiki/%E5%90%AF%E7%A4%BA%E5%BD%95,finished,29,100,2025-05-07T01:25:11.174131Z,2025-05-07T01:25:08.948937Z
https://zh.wikipedia.org/wiki/%E8%8C%B5%E9%99%88_(%E5%9C%A3%E7%BB%8F),finished,73,100,2025-05-07T01:25:09.767798Z,2025-05-07T01:25:08.979494Z
https://zh.wikipedia.org/wiki/%E9%84%AF%E5%96%84%E5%8E%BF,finished,19,100,2025-05-07T01:25:10.712993Z,2025-05-07T01:25:09.447893Z
https://zh.wikipedia.org/wiki/%E6%9F%B3%E4%B8%AD%E5%8F%A4%E5%9F%8E%E9%81%97%E5%9D%80,finished,58,100,2025-05-07T01:25:11.272745Z,2025-05-07T01:25:09.769002Z
https://zh.wikipedia.org/wiki/%E4%B8%9C%E6%B1%89,finished,162,100,2025-05-07T01:25:11.773870Z,2025-05-07T01:25:09.837154Z
https://zh.wikipedia.org/wiki/%E5%94%90%E4%BB%A3,finished,425,100,2025-05-07T01:25:13.893348Z,2025-05-07T01:25:10.735185Z
https://zh.wikipedia.org/wiki/%E9%90%B5%E9%81%93%E5%A4%96%E7%A7%91,finished,201,100,2025-05-07T01:25:13.047656Z,2025-05-07T01:25:11.326519Z
https://zh.wikipedia.org/wiki/%E6%B8%85%E4%BB%A3,finished,1249,100,2025-05-07T01:25:14.917105Z,2025-05-07T01:25:11.267164Z
https://zh.wikipedia.org/wiki/%E9%90%B5%E8%B7%AF%E4%BA%8B%E6%95%85,finished,223,100,2025-05-07T01:25:13.610579Z,2025-05-07T01:25:11.516950Z
https://zh.wikipedia.org/wiki/%E6%88%AA%E8%82%A2,finished,17,100,2025-05-07T01:25:12.887816Z,2025-05-07T01:25:11.775083Z
https://zh.wikipedia.org/wiki/%E9%90%B5%E8%B7%AF%E8%84%8A%E6%9F%B1%E7%97%87%E5%80%99%E7%BE%A4,finished,15,100,2025-05-07T01:25:14.425506Z,2025-05-07T01:25:12.942721Z
https://zh.wikipedia.org/wiki/%E9%90%B5%E8%B7%AF%E9%81%8B%E8%BC%B8,finished,10,100,2025-05-07T01:25:15.283529Z,2025-05-07T01:25:13.277773Z
https://zh.wikipedia.org/wiki/%E8%81%8C%E4%B8%9A%E5%8C%BB%E5%AD%A6,finished,30,100,2025-05-07T01:25:15.301726Z,2025-05-07T01:25:13.680100Z
https://zh.wikipedia.org/wiki/Wikipedia:%E6%96%B0%E6%9D%A1%E7%9B%AE%E6%8E%A8%E8%8D%90/%E5%80%99%E9%80%89,finished,722,100,2025-05-07T01:25:20.076481Z,2025-05-07T01:25:13.895056Z
https://zh.wikipedia.org/wiki/Wikipedia:%E6%96%B0%E6%9D%A1%E7%9B%AE%E6%8E%A8%E8%8D%90,finished,245,100,2025-05-07T01:25:15.892959Z,2025-05-07T01:25:14.447133Z
https://zh.wikipedia.org/wiki/Special:%E6%9C%80%E6%96%B0%E9%A1%B5%E9%9D%A2,finished,1,100,2025-05-07T01:25:16.745999Z,2025-05-07T01:25:14.918364Z
https://zh.wikipedia.org/wiki/2013%E5%B9%B4%E4%B8%AD%E5%9B%BD%E8%B6%B3%E7%90%83%E8%B6%85%E7%BA%A7%E8%81%94%E8%B5%9B,finished,60,100,2025-05-07T01:25:18.450002Z,2025-05-07T01:25:15.302991Z
https://zh.wikipedia.org/wiki/2014%E5%B9%B4%E4%B8%AD%E5%9B%BD%E8%B6%B3%E7%90%83%E5%8D%8F%E4%BC%9A%E8%B6%85%E7%BA%A7%E6%9D%AF,finished,110,100,2025-05-07T01:25:17.334666Z,2025-05-07T01:25:15.301822Z
https://zh.wikipedia.org/wiki/%E5%B9%BF%E5%B7%9E%E6%81%92%E5%A4%A7%E8%B6%B3%E7%90%83%E4%BF%B1%E4%B9%90%E9%83%A8,finished,283,100,2025-05-07T01:25:18.906129Z,2025-05-07T01:25:15.894158Z
https://zh.wikipedia.org/wiki/2013%E5%B9%B4%E4%B8%AD%E5%9B%BD%E8%B6%B3%E5%8D%8F%E6%9D%AF,finished,31,100,2025-05-07T01:25:18.935381Z,2025-05-07T01:25:16.747197Z
https://zh.wikipedia.org/wiki/%E8%B4%B5%E5%B7%9E%E4%BA%BA%E5%92%8C%E8%B6%B3%E7%90%83%E4%BF%B1%E4%B9%90%E9%83%A8,finished,91,100,2025-05-07T01:25:19.277244Z,2025-05-07T01:25:17.335929Z
https://zh.wikipedia.org/wiki/%E8%B4%B5%E9%98%B3%E5%B8%82,finished,94,100,2025-05-07T01:25:21.563242Z,2025-05-07T01:25:18.567893Z
https://zh.wikipedia.org/wiki/%E7%A9%86%E6%96%AF%E5%88%A9%E8%8E%AB%E7%BB%B4%E5%A5%87,finished,13,100,2025-05-07T01:25:20.413498Z,2025-05-07T01:25:18.937171Z
https://zh.wikipedia.org/wiki/%E8%B4%B5%E9%98%B3%E5%B8%82%E5%A5%A5%E6%9E%97%E5%8C%B9%E5%85%8B%E4%BD%93%E8%82%B2%E4%B8%AD%E5%BF%83,finished,9,100,2025-05-07T01:25:20.138946Z,2025-05-07T01:25:18.936229Z
https://zh.wikipedia.org/wiki/%E5%AD%99%E7%BB%A7%E6%B5%B7,finished,74,100,2025-05-07T01:25:21.825066Z,2025-05-07T01:25:19.278498Z
https://zh.wikipedia.org/wiki/%E8%AD%9A%E6%B5%B7,finished,6,100,2025-05-07T01:25:21.804279Z,2025-05-07T01:25:20.077796Z
https://zh.wikipedia.org/wiki/Wikipedia:%E4%BC%98%E8%89%AF%E6%9D%A1%E7%9B%AE,finished,30,100,2025-05-07T01:25:22.364206Z,2025-05-07T01:25:20.140141Z
https://zh.wikipedia.org/wiki/%E9%A2%B1%E9%A2%A8%E5%98%89%E6%9B%BC_(1974%E5%B9%B4),finished,90,100,2025-05-07T01:25:21.962451Z,2025-05-07T01:25:20.414704Z
https://zh.wikipedia.org/wiki/%E6%B1%A0%E5%B7%9E%E5%B8%82%E4%BC%A0%E5%AA%92%E4%B8%AD%E5%BF%83,finished,367,100,2025-05-07T01:25:23.829061Z,2025-05-07T01:25:21.586195Z
https://zh.wikipedia.org/wiki/%E4%B8%AD%E5%9C%8B%E2%80%94%E8%82%AF%E5%B0%BC%E4%BA%9E%E9%97%9C%E4%BF%82,finished,103,100,2025-05-07T01:25:23.332864Z,2025-05-07T01:25:21.849836Z
https://zh.wikipedia.org/wiki/Wikipedia:%E4%BC%98%E8%89%AF%E6%9D%A1%E7%9B%AE/%E5%AD%98%E6%A1%A3,finished,1,100,2025-05-07T01:25:23.578539Z,2025-05-07T01:25:22.048436Z
https://zh.wikipedia.org/wiki/Wikipedia:%E5%84%AA%E8%89%AF%E6%A2%9D%E7%9B%AE%E8%A9%95%E9%81%B8,finished,28,100,2025-05-07T01:25:24.182506Z,2025-05-07T01:25:21.969500Z
https://zh.wikipedia.org/wiki/File:Lake_Seliger._Ostashkov._View_of_Voroniy_Island.jpg,finished,6,100,2025-05-07T01:25:23.871065Z,2025-05-07T01:25:22.365881Z
https://zh.wikipedia.org/wiki/%E7%89%B9%E7%B6%AD%E7%88%BE%E5%B7%9E,finished,25,100,2025-05-07T01:25:24.816436Z,2025-05-07T01:25:23.334192Z
https://zh.wikipedia.org/wiki/%E8%AB%BE%E5%A4%AB%E5%93%A5%E7%BE%85%E5%BE%B7%E5%B7%9E,finished,26,100,2025-05-07T01:25:25.180352Z,2025-05-07T01:25:23.618133Z
https://zh.wikipedia.org/wiki/%E8%AC%9D%E5%88%A9%E6%A0%BC%E7%88%BE%E6%B9%96,finished,2,100,2025-05-07T01:25:24.617080Z,2025-05-07T01:25:23.840605Z
https://zh.wikipedia.org/wiki/Wikipedia:%E7%89%B9%E8%89%B2%E5%9B%BE%E7%89%87,finished,14,100,2025-05-07T01:25:25.361135Z,2025-05-07T01:25:23.925225Z
https://zh.wikipedia.org/wiki/Wikipedia:%E7%89%B9%E8%89%B2%E5%9C%96%E7%89%87%E8%A9%95%E9%81%B8,finished,192,100,2025-05-07T01:25:27.332005Z,2025-05-07T01:25:24.183899Z
https://zh.wikipedia.org/wiki/Wikipedia:%E6%AF%8F%E6%97%A5%E5%9B%BE%E7%89%87,finished,36,100,2025-05-07T01:25:25.825088Z,2025-05-07T01:25:24.618418Z
https://zh.wikipedia.org/wiki/File:Zhao_Xintong_PHC_2016-1.jpg,finished,6,100,2025-05-07T01:25:25.708517Z,2025-05-07T01:25:24.817706Z
https://zh.wikipedia.org/wiki/%E8%B5%B5%E5%BF%83%E7%AB%A5,finished,21,100,2025-05-07T01:25:26.423116Z,2025-05-07T01:25:25.181799Z
https://zh.wikipedia.org/wiki/2025%E5%B9%B4%E4%B8%96%E7%95%8C%E5%8F%B8%E8%AB%BE%E5%85%8B%E9%8C%A6%E6%A8%99%E8%B3%BD,finished,16,100,2025-05-07T01:25:27.107353Z,2025-05-07T01:25:25.362470Z
https://zh.wikipedia.org/wiki/%E9%A6%AC%E5%85%8B%C2%B7%E5%A8%81%E5%BB%89%E6%96%AF_(%E6%92%9E%E7%90%83%E5%93%A1),finished,18,100,2025-05-07T01:25:27.417773Z,2025-05-07T01:25:25.709860Z
https://zh.wikipedia.org/wiki/%E4%B8%96%E7%95%8C%E6%96%AF%E8%AF%BA%E5%85%8B%E9%94%A6%E6%A0%87%E8%B5%9B%E5%86%A0%E5%86%9B,finished,53,100,2025-05-07T01:25:27.579248Z,2025-05-07T01:25:25.826478Z
https://zh.wikipedia.org/wiki/%E8%B4%B5%E5%B7%9E%E7%9C%81,finished,113,100,2025-05-07T01:25:29.136967Z,2025-05-07T01:25:26.424421Z
https://zh.wikipedia.org/wiki/%E9%BB%94%E8%A5%BF%E5%B8%82,finished,11,100,2025-05-07T01:25:29.162962Z,2025-05-07T01:25:27.245769Z
https://zh.wikipedia.org/wiki/%E5%BC%97%E8%B5%96%E5%A0%A1%E4%BD%93%E8%82%B2%E4%BF%B1%E4%B9%90%E9%83%A8,finished,36,100,2025-05-07T01:25:29.487912Z,2025-05-07T01:25:27.582451Z
https://zh.wikipedia.org/wiki/%E7%95%A2%E7%AF%80%E9%BB%94%E8%A5%BF%E5%B8%82%E9%81%8A%E8%88%B9%E5%82%BE%E8%A6%86%E4%BA%8B%E6%95%85,finished,26,100,2025-05-07T01:25:28.452398Z,2025-05-07T01:25:27.502373Z
https://zh.wikipedia.org/wiki/%E6%8B%9C%E8%80%B304%E5%88%A9%E8%8F%AF%E5%8F%A4%E9%81%9C,finished,30,100,2025-05-07T01:25:29.652710Z,2025-05-07T01:25:27.579717Z
https://zh.wikipedia.org/wiki/%E6%8B%9C%E4%BB%81%E6%85%95%E5%B0%BC%E9%BB%91%E8%B6%B3%E7%90%83%E4%BF%B1%E4%B9%90%E9%83%A8,finished,499,100,2025-05-07T01:25:31.806169Z,2025-05-07T01:25:28.453847Z
https://zh.wikipedia.org/wiki/2024%E5%B9%B4%E8%87%B32025%E5%B9%B4%E5%BE%B7%E5%9B%BD%E8%B6%B3%E7%90%83%E7%94%B2%E7%BA%A7%E8%81%94%E8%B5%9B,finished,120,100,2025-05-07T01:25:29.963721Z,2025-05-07T01:25:29.148751Z
https://zh.wikipedia.org/wiki/%E6%BE%B3%E5%A4%A7%E5%88%A9%E4%BA%9E%E7%B8%BD%E7%90%86,finished,9,100,2025-05-07T01:25:30.616143Z,2025-05-07T01:25:29.164356Z
https://zh.wikipedia.org/wiki/%E5%AE%89%E6%9D%B1%E5%B0%BC%C2%B7%E9%98%BF%E7%88%BE%E5%B7%B4%E5%B0%BC%E6%96%AF,finished,32,100,2025-05-07T01:25:31.639380Z,2025-05-07T01:25:29.540419Z
https://zh.wikipedia.org/wiki/%E6%BE%B3%E6%B4%B2%E5%B7%A5%E9%BB%A8,finished,49,100,2025-05-07T01:25:31.279536Z,2025-05-07T01:25:29.786098Z
https://zh.wikipedia.org/wiki/2025%E5%B9%B4%E6%BE%B3%E6%B4%B2%E8%81%AF%E9%82%A6%E5%A4%A7%E9%81%B8,finished,395,100,2025-05-07T01:25:32.571676Z,2025-05-07T01:25:29.965976Z
https://zh.wikipedia.org/wiki/%E6%BE%B3%E5%A4%A7%E5%88%A9%E4%BA%9A%E4%BC%97%E8%AE%AE%E9%99%A2,finished,31,100,2025-05-07T01:25:32.429394Z,2025-05-07T01:25:30.929697Z
https://zh.wikipedia.org/wiki/%E6%BE%B3%E5%A4%A7%E5%88%A9%E4%BA%9A%E5%8F%82%E8%AE%AE%E9%99%A2,finished,20,100,2025-05-07T01:25:33.241988Z,2025-05-07T01:25:31.425061Z
https://zh.wikipedia.org/wiki/%E6%96%B0%E5%8A%A0%E5%9D%A1%E7%B8%BD%E7%90%86,finished,5,100,2025-05-07T01:25:32.774648Z,2025-05-07T01:25:31.749322Z
https://zh.wikipedia.org/wiki/%E9%BB%83%E5%BE%AA%E8%B2%A1,finished,103,100,2025-05-07T01:25:34.364568Z,2025-05-07T01:25:32.133810Z
https://zh.wikipedia.org/wiki/%E4%BA%BA%E6%B0%91%E8%A1%8C%E5%8A%A8%E5%85%9A,finished,71,100,2025-05-07T01:25:33.756117Z,2025-05-07T01:25:32.557035Z
https://zh.wikipedia.org/wiki/2025%E5%B9%B4%E6%96%B0%E5%8A%A0%E5%9D%A1%E5%A4%A7%E9%80%89,finished,525,100,2025-05-07T01:25:34.910376Z,2025-05-07T01:25:32.624810Z
https://zh.wikipedia.org/wiki/%E6%96%B0%E5%8A%A0%E5%9D%A1%E5%9C%8B%E6%9C%83,finished,76,100,2025-05-07T01:25:34.374841Z,2025-05-07T01:25:32.776487Z
https://zh.wikipedia.org/wiki/%E4%BF%84%E7%BE%85%E6%96%AF%E5%85%A5%E4%BE%B5%E7%83%8F%E5%85%8B%E8%98%AD,finished,805,100,2025-05-07T01:25:37.208520Z,2025-05-07T01:25:33.243502Z
https://zh.wikipedia.org/wiki/%E4%BF%84%E7%BE%85%E6%96%AF%E5%85%A5%E4%BE%B5%E7%83%8F%E5%85%8B%E8%98%AD%E9%81%8E%E7%A8%8B,finished,760,100,2025-05-07T01:25:40.250350Z,2025-05-07T01:25:33.773067Z
https://zh.wikipedia.org/wiki/2022%E5%B9%B4%E8%87%B3%E4%BB%8A%E7%9A%84%E4%BF%84%E4%B9%8C%E5%92%8C%E5%B9%B3%E8%B0%88%E5%88%A4,finished,385,100,2025-05-07T01:25:39.441770Z,2025-05-07T01:25:34.375326Z
https://zh.wikipedia.org/wiki/%E5%8A%A0%E6%B2%99%E6%88%B0%E7%88%AD,finished,1197,100,2025-05-07T01:25:39.858292Z,2025-05-07T01:25:34.428123Z
https://zh.wikipedia.org/wiki/2025%E5%B9%B45%E6%9C%88%E9%80%9D%E4%B8%96%E4%BA%BA%E7%89%A9%E5%88%97%E8%A1%A8,finished,48,100,2025-05-07T01:25:36.523811Z,2025-05-07T01:25:34.911963Z
https://zh.wikipedia.org/wiki/%E8%A8%B1%E6%AD%B7%E8%BE%B2,finished,77,100,2025-05-07T01:25:39.009729Z,2025-05-07T01:25:36.593278Z
https://zh.wikipedia.org/wiki/%E6%89%8E%E8%A5%BF%E6%97%BA%E5%A0%86,finished,6,100,2025-05-07T01:25:39.603516Z,2025-05-07T01:25:37.789307Z
https://zh.wikipedia.org/wiki/%E5%B0%A4%E5%8B%92%E6%96%AF%C2%B7%E9%9F%8B%E7%99%BB%E5%8D%9A%E6%96%AF,finished,7,100,2025-05-07T01:25:40.739182Z,2025-05-07T01:25:39.363299Z
https://zh.wikipedia.org/wiki/%E4%BC%8A%E5%A8%9C%C2%B7%E5%8D%A1%E7%B4%8D%E5%B7%B4%E7%BE%85%C2%B7%E7%9B%A7%E5%8D%A1%E6%96%AF,finished,48,100,2025-05-07T01:25:40.687960Z,2025-05-07T01:25:39.728188Z
https://zh.wikipedia.org/wiki/%E6%96%AF%E5%9D%A6%C2%B7%E4%B9%90%E7%A6%8F,finished,6,100,2025-05-07T01:25:41.161587Z,2025-05-07T01:25:39.934100Z
https://zh.wikipedia.org/wiki/Wikipedia:%E6%96%B0%E9%97%BB%E5%8A%A8%E6%80%81%E5%80%99%E9%80%89,finished,289,100,2025-05-07T01:25:42.873152Z,2025-05-07T01:25:40.129681Z
https://zh.wikipedia.org/wiki/Portal:%E8%AE%A3%E9%97%BB,finished,279,100,2025-05-07T01:25:42.570953Z,2025-05-07T01:25:40.251831Z
https://zh.wikipedia.org/wiki/5%E6%9C%887%E6%97%A5,finished,12,100,2025-05-07T01:25:42.802489Z,2025-05-07T01:25:40.689446Z
https://zh.wikipedia.org/wiki/%E5%93%88%E8%90%A8%E5%85%8B%E6%96%AF%E5%9D%A6,finished,276,100,2025-05-07T01:25:44.121819Z,2025-05-07T01:25:40.740641Z
https://zh.wikipedia.org/wiki/%E8%B6%8A%E5%8D%97,finished,301,100,2025-05-07T01:25:44.095414Z,2025-05-07T01:25:41.163108Z
https://zh.wikipedia.org/wiki/%E5%A5%A0%E9%82%8A%E5%BA%9C%E6%88%B0%E5%BD%B9,finished,53,100,2025-05-07T01:25:44.356471Z,2025-05-07T01:25:42.672837Z
https://zh.wikipedia.org/wiki/558%E5%B9%B4,finished,4,100,2025-05-07T01:25:44.551885Z,2025-05-07T01:25:43.205307Z
https://zh.wikipedia.org/wiki/File:F%C3%AAte_de_l%27Etre_supr%C3%AAme_(cropped).jpg,finished,5,100,2025-05-07T01:25:44.770515Z,2025-05-07T01:25:42.970569Z
https://zh.wikipedia.org/wiki/%E5%90%9B%E5%A3%AB%E5%9D%A6%E4%B8%81%E5%A0%A1,finished,123,100,2025-05-07T01:25:45.863046Z,2025-05-07T01:25:44.122451Z
https://zh.wikipedia.org/wiki/%E9%98%BF%E4%BA%9E%E7%B4%A2%E8%8F%B2%E4%BA%9E,finished,258,100,2025-05-07T01:25:46.705700Z,2025-05-07T01:25:44.175625Z
https://zh.wikipedia.org/wiki/%E6%9F%A5%E5%A3%AB%E4%B8%81%E5%B0%BC%E4%B8%80%E4%B8%96,finished,21,100,2025-05-07T01:25:45.757173Z,2025-05-07T01:25:44.357989Z
https://zh.wikipedia.org/wiki/1794%E5%B9%B4,finished,4,100,2025-05-07T01:25:45.840355Z,2025-05-07T01:25:44.553309Z
https://zh.wikipedia.org/wiki/%E9%A9%AC%E5%85%8B%E8%A5%BF%E7%B1%B3%E8%BF%9E%C2%B7%E7%BD%97%E4%BC%AF%E6%96%AF%E5%BA%87%E5%B0%94,finished,44,100,2025-05-07T01:25:46.718205Z,2025-05-07T01:25:44.772116Z
https://zh.wikipedia.org/wiki/%E6%9C%80%E9%AB%98%E4%B8%BB%E5%AE%B0%E5%B4%87%E6%8B%9C,finished,55,100,2025-05-07T01:25:47.557495Z,2025-05-07T01:25:45.866670Z
https://zh.wikipedia.org/wiki/%E5%9B%BD%E6%B0%91%E5%85%AC%E4%BC%9A,finished,223,100,2025-05-07T01:25:48.680582Z,2025-05-07T01:25:45.852658Z
https://zh.wikipedia.org/wiki/%E6%B3%95%E8%98%AD%E8%A5%BF%E7%AC%AC%E4%B8%80%E5%85%B1%E5%92%8C%E5%9C%8B,finished,10,100,2025-05-07T01:25:48.826954Z,2025-05-07T01:25:46.296145Z
https://zh.wikipedia.org/wiki/1824%E5%B9%B4,finished,5,100,2025-05-07T01:25:48.098494Z,2025-05-07T01:25:46.719798Z
https://zh.wikipedia.org/wiki/%E8%B7%AF%E5%BE%B7%E7%B6%AD%E5%B8%8C%C2%B7%E8%8C%83%C2%B7%E8%B2%9D%E5%A4%9A%E8%8A%AC,finished,308,100,2025-05-07T01:25:50.010287Z,2025-05-07T01:25:46.772330Z
https://zh.wikipedia.org/wiki/%E7%AC%AC9%E8%99%9F%E4%BA%A4%E9%9F%BF%E6%9B%B2_(%E8%B2%9D%E5%A4%9A%E8%8A%AC),finished,64,100,2025-05-07T01:25:49.091406Z,2025-05-07T01:25:47.559170Z
https://zh.wikipedia.org/wiki/%E7%B6%AD%E4%B9%9F%E7%B4%8D,finished,132,100,2025-05-07T01:25:51.342785Z,2025-05-07T01:25:48.511530Z
https://zh.wikipedia.org/wiki/1915%E5%B9%B4,finished,20,100,2025-05-07T01:25:50.788933Z,2025-05-07T01:25:48.799532Z
https://zh.wikipedia.org/wiki/%E5%8D%A2%E8%A5%BF%E5%A1%94%E5%B0%BC%E4%BA%9A%E5%8F%B7,finished,151,100,2025-05-07T01:25:51.359299Z,2025-05-07T01:25:48.880740Z
https://zh.wikipedia.org/wiki/U-20%E5%8F%B7%E6%BD%9C%E8%89%87_(1912%E5%B9%B4),finished,55,100,2025-05-07T01:25:50.300605Z,2025-05-07T01:25:49.093371Z
https://zh.wikipedia.org/wiki/%E7%84%A1%E9%99%90%E5%88%B6%E6%BD%9B%E8%89%87%E6%88%B0,finished,6,100,2025-05-07T01:25:51.572446Z,2025-05-07T01:25:50.012540Z
https://zh.wikipedia.org/wiki/1954%E5%B9%B4,finished,46,100,2025-05-07T01:25:52.458312Z,2025-05-07T01:25:50.374369Z
https://zh.wikipedia.org/wiki/%E8%B6%8A%E5%8D%97%E7%8D%A8%E7%AB%8B%E5%90%8C%E7%9B%9F%E6%9C%83,finished,5,100,2025-05-07T01:25:53.398400Z,2025-05-07T01:25:50.823211Z
https://zh.wikipedia.org/wiki/%E8%B6%8A%E5%8D%97%E4%BA%BA%E6%B0%91%E8%BB%8D,finished,64,100,2025-05-07T01:25:53.392568Z,2025-05-07T01:25:51.360327Z
https://zh.wikipedia.org/wiki/%E5%A5%A0%E9%82%8A%E5%BA%9C%E5%B8%82,finished,51,100,2025-05-07T01:25:52.264392Z,2025-05-07T01:25:51.413348Z
https://zh.wikipedia.org/wiki/Wikipedia:%E5%8E%86%E5%8F%B2%E4%B8%8A%E7%9A%84%E4%BB%8A%E5%A4%A9,finished,14,100,2025-05-07T01:25:53.999550Z,2025-05-07T01:25:51.574025Z
https://zh.wikipedia.org/wiki/%E7%AC%AC61%E5%B1%86%E7%99%BE%E6%83%B3%E8%97%9D%E8%A1%93%E5%A4%A7%E7%8D%8E,finished,17,100,2025-05-07T01:25:53.927004Z,2025-05-07T01:25:52.266169Z
https://zh.wikipedia.org/wiki/%E6%AF%94%E5%A4%A9%E5%A0%82%E9%82%84%E7%BE%8E%E9%BA%97,finished,186,100,2025-05-07T01:25:54.294329Z,2025-05-07T01:25:52.459896Z
https://zh.wikipedia.org/wiki/%E8%A7%92%E9%A0%AD%E2%80%94%E5%A4%A7%E6%A9%8B%E9%A0%AD,finished,25,100,2025-05-07T01:25:54.886683Z,2025-05-07T01:25:53.400108Z
https://zh.wikipedia.org/wiki/%E6%B7%AE%E6%B0%B4%E7%AB%B9%E4%BA%AD,finished,30,100,2025-05-07T01:25:54.991266Z,2025-05-07T01:25:53.451850Z
https://zh.wikipedia.org/wiki/%E6%A9%9F%E6%99%BA%E4%BD%8F%E9%99%A2%E9%86%AB%E7%94%9F%E7%94%9F%E6%B4%BB,finished,191,100,2025-05-07T01:25:56.641438Z,2025-05-07T01:25:53.933716Z
https://zh.wikipedia.org/wiki/%E9%9B%B7%E9%9C%86%E7%89%B9%E6%94%BB%E9%9A%8A*,finished,110,100,2025-05-07T01:25:56.941767Z,2025-05-07T01:25:54.001264Z
https://zh.wikipedia.org/wiki/%E8%8B%A6%E7%9B%A1%E6%9F%91%E4%BE%86%E9%81%87%E8%A6%8B%E4%BD%A0,finished,128,100,2025-05-07T01:25:57.057449Z,2025-05-07T01:25:54.295885Z
https://zh.wikipedia.org/wiki/%E5%B9%BF%E5%9C%BA%E5%8D%8F%E8%AE%AE,finished,26,100,2025-05-07T01:25:56.475045Z,2025-05-07T01:25:54.888276Z
https://zh.wikipedia.org/wiki/%E8%A8%B1%E7%91%8B%E7%94%AF,finished,59,100,2025-05-07T01:25:57.023930Z,2025-05-07T01:25:54.992845Z
https://zh.wikipedia.org/wiki/Wikipedia:%E8%AA%B0%E5%9C%A8%E5%AF%AB%E7%B6%AD%E5%9F%BA%E7%99%BE%E7%A7%91,finished,3,100,2025-05-07T01:25:58.218063Z,2025-05-07T01:25:57.059980Z
https://zh.wikipedia.org/wiki/Wikipedia:%E7%BB%B4%E5%9F%BA%E7%99%BE%E7%A7%91%E8%AF%AD%E8%A8%80%E5%88%97%E8%A1%A8,finished,15,100,2025-05-07T01:26:00.520393Z,2025-05-07T01:25:57.019263Z
https://zh.wikipedia.org/wiki/File:Applications-office.svg,finished,6,100,2025-05-07T01:25:58.395226Z,2025-05-07T01:25:56.942126Z
https://zh.wikipedia.org/wiki/Wikipedia:%E8%91%97%E4%BD%9C%E6%9D%83%E4%BF%A1%E6%81%AF,finished,44,100,2025-05-07T01:25:58.900828Z,2025-05-07T01:25:57.058117Z
https://zh.wikipedia.org/wiki/Wikipedia:%E5%8A%A8%E6%80%81%E7%83%AD%E9%97%A8,finished,5,100,2025-05-07T01:25:58.080401Z,2025-05-07T01:25:56.892580Z
https://zh.wikipedia.org/wiki/Help:%E5%88%9B%E5%BB%BA%E6%96%B0%E6%9D%A1%E7%9B%AE,finished,3,100,2025-05-07T01:25:59.102699Z,2025-05-07T01:25:58.082028Z
https://zh.wikipedia.org/wiki/Help:%E7%BC%96%E8%BE%91%E9%A1%B5%E9%9D%A2,finished,33,100,2025-05-07T01:26:00.511421Z,2025-05-07T01:25:58.220087Z
https://zh.wikipedia.org/wiki/Help:%E5%9B%BE%E5%83%8F,finished,26,100,2025-05-07T01:26:00.439910Z,2025-05-07T01:25:58.396976Z
https://zh.wikipedia.org/wiki/Wikipedia:%E5%8F%83%E8%88%87%E8%B2%A2%E7%8D%BB,finished,5,100,2025-05-07T01:26:00.285762Z,2025-05-07T01:25:58.902425Z
https://zh.wikipedia.org/wiki/File:Dialog-information_on.svg,finished,6,100,2025-05-07T01:26:00.666911Z,2025-05-07T01:25:59.104299Z
https://zh.wikipedia.org/wiki/Wikipedia:%E8%A1%8C%E5%8B%95%E5%AD%98%E5%8F%96,finished,8,100,2025-05-07T01:26:00.889808Z,2025-05-07T01:26:00.520783Z
https://zh.wikipedia.org/wiki/Wikipedia:%E4%B8%AD%E7%AB%8B%E7%9A%84%E8%A7%80%E9%BB%9E,finished,47,100,2025-05-07T01:26:02.754952Z,2025-05-07T01:26:00.455327Z
https://zh.wikipedia.org/wiki/Wikipedia:%E5%AE%A3%E5%91%8A,finished,8,100,2025-05-07T01:26:02.047478Z,2025-05-07T01:26:00.572681Z
https://zh.wikipedia.org/wiki/Wikipedia:%E8%81%94%E5%90%88%E4%BE%9B%E7%A8%BF,finished,10,100,2025-05-07T01:26:01.805998Z,2025-05-07T01:26:00.668245Z
https://zh.wikipedia.org/wiki/Wikipedia_talk:Guestbook_for_non-Chinese_speakers,finished,26,100,2025-05-07T01:26:01.632372Z,2025-05-07T01:26:00.719542Z
https://zh.wikipedia.org/wiki/Wikipedia:%E4%BA%94%E5%A4%A7%E6%94%AF%E6%9F%B1,finished,1,100,2025-05-07T01:26:01.896823Z,2025-05-07T01:26:00.891697Z
https://zh.wikipedia.org/wiki/Wikipedia:%E5%B8%B8%E8%A7%81%E9%97%AE%E9%A2%98%E8%A7%A3%E7%AD%94,finished,1,100,2025-05-07T01:26:02.405077Z,2025-05-07T01:26:01.634080Z
https://zh.wikipedia.org/wiki/Wikipedia:%E7%BB%B4%E5%9F%BA%E7%99%BE%E7%A7%91%E4%B8%8D%E6%98%AF%E4%BB%80%E4%B9%88,finished,29,100,2025-05-07T01:26:03.763112Z,2025-05-07T01:26:01.809801Z
https://zh.wikipedia.org/wiki/Wikipedia:%E7%AE%80%E8%A6%81%E8%A7%84%E5%88%99%E9%9B%86,finished,6,100,2025-05-07T01:26:03.352356Z,2025-05-07T01:26:01.898438Z
https://zh.wikipedia.org/wiki/Wikipedia:%E5%82%99%E5%BF%98%E5%96%AE,finished,5,100,2025-05-07T01:26:03.140196Z,2025-05-07T01:26:02.049118Z
https://zh.wikipedia.org/wiki/Wikipedia:%E7%89%88%E6%9D%83%E5%B8%B8%E8%A7%81%E9%97%AE%E9%A2%98%E8%A7%A3%E7%AD%94,finished,48,100,2025-05-07T01:26:03.752557Z,2025-05-07T01:26:02.406675Z
https://zh.wikipedia.org/wiki/Wikipedia:%E6%A0%BC%E5%BC%8F%E6%89%8B%E5%86%8C,finished,78,100,2025-05-07T01:26:04.966762Z,2025-05-07T01:26:02.756998Z
https://zh.wikipedia.org/wiki/Wikipedia:%E6%A0%BC%E5%BC%8F%E6%89%8B%E5%86%8A/%E7%89%88%E9%9D%A2%E4%BD%88%E5%B1%80,finished,40,100,2025-05-07T01:26:05.137577Z,2025-05-07T01:26:03.142836Z
https://zh.wikipedia.org/wiki/Wikipedia:%E6%9C%AF%E8%AF%AD%E8%A1%A8,finished,28,100,2025-05-07T01:26:05.006380Z,2025-05-07T01:26:03.354217Z
https://zh.wikipedia.org/wiki/Wikipedia:CC_BY-SA_4.0%E5%8D%8F%E8%AE%AE%E6%96%87%E6%9C%AC,finished,18,100,2025-05-07T01:26:05.171058Z,2025-05-07T01:26:03.764067Z
https://zh.wikipedia.org/wiki/Wikipedia:%E5%85%8D%E8%B4%A3%E5%A3%B0%E6%98%8E,finished,1,100,2025-05-07T01:26:05.235524Z,2025-05-07T01:26:03.765079Z
https://ja.wikipedia.org/wiki/#bodyContent,finished,0,100,2025-05-07T01:26:05.698330Z,2025-05-07T01:26:05.047624Z
https://ja.wikipedia.org/wiki/Wikipedia:%E3%82%B3%E3%83%9F%E3%83%A5%E3%83%8B%E3%83%86%E3%82%A3%E3%83%BB%E3%83%9D%E3%83%BC%E3%82%BF%E3%83%AB,finished,8,100,2025-05-07T01:26:06.056431Z,2025-05-07T01:26:05.235769Z
https://ja.wikipedia.org/wiki/Portal:%E6%9C%80%E8%BF%91%E3%81%AE%E5%87%BA%E6%9D%A5%E4%BA%8B,finished,184,100,2025-05-07T01:26:07.217926Z,2025-05-07T01:26:05.285047Z
https://ja.wikipedia.org/wiki/%E3%83%A1%E3%82%A4%E3%83%B3%E3%83%9A%E3%83%BC%E3%82%B8,finished,1,100,2025-05-07T01:26:05.974449Z,2025-05-07T01:26:05.231404Z
https://ja.wikipedia.org/wiki/%E7%89%B9%E5%88%A5:%E6%96%B0%E3%81%97%E3%81%84%E3%83%9A%E3%83%BC%E3%82%B8,finished,1,100,2025-05-07T01:26:06.997240Z,2025-05-07T01:26:05.340757Z
https://ja.wikipedia.org/wiki/%E7%89%B9%E5%88%A5:%E3%81%8A%E3%81%BE%E3%81%8B%E3%81%9B%E8%A1%A8%E7%A4%BA,finished,37,100,2025-05-07T01:26:07.103062Z,2025-05-07T01:26:06.048710Z
https://ja.wikipedia.org/wiki/%E7%89%B9%E5%88%A5:%E6%9C%80%E8%BF%91%E3%81%AE%E6%9B%B4%E6%96%B0,finished,1,100,2025-05-07T01:26:06.529575Z,2025-05-07T01:26:05.980454Z
https://ja.wikipedia.org/wiki/Wikipedia:%E3%82%B5%E3%83%B3%E3%83%89%E3%83%9C%E3%83%83%E3%82%AF%E3%82%B9,finished,13,100,2025-05-07T01:26:06.592618Z,2025-05-07T01:26:06.110900Z
https://ja.wikipedia.org/wiki/%E7%89%B9%E5%88%A5:%E7%89%B9%E5%88%A5%E3%83%9A%E3%83%BC%E3%82%B8%E4%B8%80%E8%A6%A7,finished,15,100,2025-05-07T01:26:07.687798Z,2025-05-07T01:26:06.589440Z
https://ja.wikipedia.org/wiki/Help:%E7%9B%AE%E6%AC%A1,finished,12,100,2025-05-07T01:26:07.217711Z,2025-05-07T01:26:06.646039Z
https://ja.wikipedia.org/wiki/Wikipedia:%E3%81%8A%E7%9F%A5%E3%82%89%E3%81%9B,finished,14,100,2025-05-07T01:26:07.693780Z,2025-05-07T01:26:07.218009Z
https://ja.wikipedia.org/wiki/Wikipedia:%E4%BA%95%E6%88%B8%E7%AB%AF,finished,351,100,2025-05-07T01:26:08.779700Z,2025-05-07T01:26:07.172415Z
https://ja.wikipedia.org/wiki/Wikipedia:%E3%83%90%E3%82%B0%E3%81%AE%E5%A0%B1%E5%91%8A,finished,219,100,2025-05-07T01:26:08.212594Z,2025-05-07T01:26:07.272058Z
https://ja.wikipedia.org/wiki/Wikipedia:%E9%80%A3%E7%B5%A1%E5%85%88,finished,13,100,2025-05-07T01:26:07.744296Z,2025-05-07T01:26:07.325245Z
https://ja.wikipedia.org/wiki/%E7%89%B9%E5%88%A5:%E6%A4%9C%E7%B4%A2,finished,1,100,2025-05-07T01:26:08.867343Z,2025-05-07T01:26:07.728345Z
https://ja.wikipedia.org/wiki/Wikipedia:%E3%82%A6%E3%82%A3%E3%82%AD%E3%83%9A%E3%83%87%E3%82%A3%E3%82%A2%E3%81%B8%E3%82%88%E3%81%86%E3%81%93%E3%81%9D,finished,1,100,2025-05-07T01:26:08.865817Z,2025-05-07T01:26:07.886837Z
https://ja.wikipedia.org/wiki/%E7%89%B9%E5%88%A5:%E8%87%AA%E5%88%86%E3%81%AE%E6%8A%95%E7%A8%BF%E8%A8%98%E9%8C%B2,finished,1,100,2025-05-07T01:26:09.419715Z,2025-05-07T01:26:08.176400Z
https://ja.wikipedia.org/wiki/%E7%89%B9%E5%88%A5:%E3%83%88%E3%83%BC%E3%82%AF%E3%83%9A%E3%83%BC%E3%82%B8,finished,1,100,2025-05-07T01:26:09.464899Z,2025-05-07T01:26:08.409552Z
https://ja.wikipedia.org/wiki/%E7%89%B9%E5%88%A5:%E3%83%AA%E3%83%B3%E3%82%AF%E5%85%83/%E3%83%A1%E3%82%A4%E3%83%B3%E3%83%9A%E3%83%BC%E3%82%B8,finished,1,100,2025-05-07T01:26:09.590738Z,2025-05-07T01:26:08.868618Z
https://ja.wikipedia.org/wiki/%E7%89%B9%E5%88%A5:%E9%96%A2%E9%80%A3%E3%83%9A%E3%83%BC%E3%82%B8%E3%81%AE%E6%9B%B4%E6%96%B0%E7%8A%B6%E6%B3%81/%E3%83%A1%E3%82%A4%E3%83%B3%E3%83%9A%E3%83%BC%E3%82%B8,finished,1,100,2025-05-07T01:26:09.448287Z,2025-05-07T01:26:08.922174Z
https://ja.wikipedia.org/wiki/%E3%83%8E%E3%83%BC%E3%83%88:%E3%83%A1%E3%82%A4%E3%83%B3%E3%83%9A%E3%83%BC%E3%82%B8,finished,38,100,2025-05-07T01:26:09.502422Z,2025-05-07T01:26:08.867792Z
https://ja.wikipedia.org/wiki/Wikipedia:%E3%82%A6%E3%82%A3%E3%82%AD%E3%83%9A%E3%83%87%E3%82%A3%E3%82%A2%E3%81%AB%E3%81%A4%E3%81%84%E3%81%A6,finished,5,100,2025-05-07T01:26:09.977835Z,2025-05-07T01:26:09.503008Z
https://ja.wikipedia.org/wiki/%E3%82%AA%E3%83%BC%E3%83%97%E3%83%B3%E3%82%B3%E3%83%B3%E3%83%86%E3%83%B3%E3%83%88,finished,136,100,2025-05-07T01:26:11.225622Z,2025-05-07T01:26:09.508245Z
https://ja.wikipedia.org/wiki/Wikipedia:ファイルのアップロード,finished,3,100,2025-05-07T01:26:09.931661Z,2025-05-07T01:26:09.470223Z
https://ja.wikipedia.org/wiki/%E7%99%BE%E7%A7%91%E4%BA%8B%E5%85%B8,finished,148,100,2025-05-07T01:26:10.359460Z,2025-05-07T01:26:09.591500Z
https://ja.wikipedia.org/wiki/%E7%89%B9%E5%88%A5:%E7%B5%B1%E8%A8%88,finished,1,100,2025-05-07T01:26:10.351014Z,2025-05-07T01:26:09.644247Z
https://ja.wikipedia.org/wiki/Wikipedia:Help_for_Non-Japanese_Speakers,finished,201,100,2025-05-07T01:26:11.032333Z,2025-05-07T01:26:09.980327Z
https://ja.wikipedia.org/wiki/Help:%E8%A8%98%E4%BA%8B%E3%81%A8%E3%81%AF%E4%BD%95%E3%81%8B,finished,6,100,2025-05-07T01:26:10.877424Z,2025-05-07T01:26:09.978461Z
https://ja.wikipedia.org/wiki/%E3%83%95%E3%82%A1%E3%82%A4%E3%83%AB:Sibyl_Domenichino.jpg,finished,6,100,2025-05-07T01:26:10.940036Z,2025-05-07T01:26:10.361188Z
https://ja.wikipedia.org/wiki/Wikipedia:%E7%A7%80%E9%80%B8%E3%81%AA%E8%A8%98%E4%BA%8B,finished,17,100,2025-05-07T01:26:11.165140Z,2025-05-07T01:26:10.353446Z
https://ja.wikipedia.org/wiki/%E3%82%B7%E3%83%93%E3%83%A5%E3%83%A9%E3%81%AE%E8%A8%97%E5%AE%A3,finished,437,100,2025-05-07T01:26:11.644322Z,2025-05-07T01:26:10.930166Z
https://ja.wikipedia.org/wiki/%E3%83%A9%E3%83%86%E3%83%B3%E8%AA%9E,finished,67,100,2025-05-07T01:26:12.363601Z,2025-05-07T01:26:11.199217Z
https://ja.wikipedia.org/wiki/%E3%82%B7%E3%83%93%E3%83%A5%E3%83%A9,finished,70,100,2025-05-07T01:26:11.961580Z,2025-05-07T01:26:11.282124Z
https://ja.wikipedia.org/wiki/%E7%A5%9E%E8%A8%97,finished,7,100,2025-05-07T01:26:12.037899Z,2025-05-07T01:26:11.333678Z
https://ja.wikipedia.org/wiki/%E3%82%AE%E3%83%AA%E3%82%B7%E3%82%A2%E8%AA%9E,finished,80,100,2025-05-07T01:26:12.474968Z,2025-05-07T01:26:11.384281Z
https://ja.wikipedia.org/wiki/%E8%A9%A9%E9%9B%86,finished,264,100,2025-05-07T01:26:12.754303Z,2025-05-07T01:26:11.646471Z
https://ja.wikipedia.org/wiki/%E5%B7%AB%E5%A5%B3,finished,66,100,2025-05-07T01:26:12.848437Z,2025-05-07T01:26:12.201044Z
https://ja.wikipedia.org/wiki/%E3%83%88%E3%83%A9%E3%83%B3%E3%82%B9_(%E6%84%8F%E8%AD%98),finished,31,100,2025-05-07T01:26:12.921823Z,2025-05-07T01:26:12.055786Z
https://ja.wikipedia.org/wiki/%E7%B4%80%E5%85%83%E5%89%8D140%E5%B9%B4,finished,11,100,2025-05-07T01:26:13.084760Z,2025-05-07T01:26:12.514603Z
https://ja.wikipedia.org/wiki/%E3%82%B7%E3%83%93%E3%83%A5%E3%83%A9%E3%81%AE%E6%9B%B8,finished,24,100,2025-05-07T01:26:13.336113Z,2025-05-07T01:26:12.475355Z
https://ja.wikipedia.org/wiki/%E3%83%A6%E3%83%80%E3%83%A4%E6%95%99,finished,98,100,2025-05-07T01:26:13.656101Z,2025-05-07T01:26:12.816234Z
https://ja.wikipedia.org/wiki/%E3%82%AD%E3%83%AA%E3%82%B9%E3%83%88%E6%95%99,finished,510,100,2025-05-07T01:26:14.263255Z,2025-05-07T01:26:12.923920Z
https://ja.wikipedia.org/wiki/%E5%81%BD%E6%9B%B8,finished,116,100,2025-05-07T01:26:13.765689Z,2025-05-07T01:26:12.977582Z
https://ja.wikipedia.org/wiki/%E4%BA%88%E8%A8%80#事後予言,finished,0,100,2025-05-07T01:26:13.975744Z,2025-05-07T01:26:13.300042Z
https://ja.wikipedia.org/wiki/%E7%89%B9%E5%88%A5:%E3%82%AB%E3%83%86%E3%82%B4%E3%83%AA%E5%86%85%E3%81%8A%E3%81%BE%E3%81%8B%E3%81%9B%E8%A1%A8%E7%A4%BA/%E7%A7%80%E9%80%B8%E3%81%AA%E8%A8%98%E4%BA%8B,finished,282,100,2025-05-07T01:26:14.362780Z,2025-05-07T01:26:13.338378Z
https://ja.wikipedia.org/wiki/Wikipedia:%E7%A7%80%E9%80%B8%E3%83%94%E3%83%83%E3%82%AF%E3%82%A2%E3%83%83%E3%83%97,finished,3,100,2025-05-07T01:26:15.172408Z,2025-05-07T01:26:13.741747Z
https://ja.wikipedia.org/wiki/%E3%83%95%E3%82%AF%E3%83%AD%E3%82%A6,finished,314,100,2025-05-07T01:26:15.247647Z,2025-05-07T01:26:14.027153Z
https://ja.wikipedia.org/wiki/Wikipedia:%E7%A7%80%E9%80%B8%E3%81%AA%E8%A8%98%E4%BA%8B%E3%81%AE%E9%81%B8%E8%80%83,finished,28,100,2025-05-07T01:26:14.949215Z,2025-05-07T01:26:13.976765Z
https://ja.wikipedia.org/wiki/%E3%83%95%E3%82%AF%E3%83%AD%E3%82%A6%E7%9B%AE,finished,46,100,2025-05-07T01:26:15.251545Z,2025-05-07T01:26:14.344386Z
https://ja.wikipedia.org/wiki/%E3%83%95%E3%82%AF%E3%83%AD%E3%82%A6%E7%A7%91,finished,33,100,2025-05-07T01:26:15.341905Z,2025-05-07T01:26:14.364648Z
https://ja.wikipedia.org/wiki/%E7%94%9F%E7%89%A9%E3%81%AE%E5%88%86%E9%A1%9E,finished,82,100,2025-05-07T01:26:15.927643Z,2025-05-07T01:26:15.084969Z
https://ja.wikipedia.org/wiki/%E9%B3%A5%E9%A1%9E,finished,755,100,2025-05-07T01:26:17.201827Z,2025-05-07T01:26:15.344012Z
https://ja.wikipedia.org/wiki/%E7%8C%9B%E7%A6%BD%E9%A1%9E,finished,26,100,2025-05-07T01:26:15.946643Z,2025-05-07T01:26:15.336085Z
https://ja.wikipedia.org/wiki/%E7%A8%AE_(%E5%88%86%E9%A1%9E%E5%AD%A6),finished,33,100,2025-05-07T01:26:16.051064Z,2025-05-07T01:26:15.449197Z
https://ja.wikipedia.org/wiki/%E5%A4%9C%E8%A1%8C%E6%80%A7,finished,14,100,2025-05-07T01:26:16.043983Z,2025-05-07T01:26:15.501952Z
https://ja.wikipedia.org/wiki/%E6%A3%AE,finished,28,100,2025-05-07T01:26:16.774964Z,2025-05-07T01:26:15.989871Z
https://ja.wikipedia.org/wiki/%E5%93%B2%E5%AD%A6%E8%80%85,finished,7,100,2025-05-07T01:26:17.010350Z,2025-05-07T01:26:16.056527Z
https://ja.wikipedia.org/wiki/%E4%BA%BA%E9%96%93,finished,91,100,2025-05-07T01:26:17.172544Z,2025-05-07T01:26:16.431454Z
https://ja.wikipedia.org/wiki/%E3%82%AD%E3%83%A3%E3%83%97%E3%83%86%E3%83%B3%E7%BF%BC,finished,1095,100,2025-05-07T01:26:18.324099Z,2025-05-07T01:26:16.627777Z
https://ja.wikipedia.org/wiki/%E6%97%A5%E6%9C%AC,finished,1202,100,2025-05-07T01:26:20.660704Z,2025-05-07T01:26:17.072127Z
https://ja.wikipedia.org/wiki/%E9%AB%98%E6%A9%8B%E9%99%BD%E4%B8%80,finished,95,100,2025-05-07T01:26:18.060086Z,2025-05-07T01:26:17.010778Z
https://ja.wikipedia.org/wiki/%E3%82%B5%E3%83%83%E3%82%AB%E3%83%BC%E6%BC%AB%E7%94%BB,finished,619,100,2025-05-07T01:26:19.138924Z,2025-05-07T01:26:17.233497Z
https://ja.wikipedia.org/wiki/%E3%83%97%E3%83%AD%E3%83%95%E3%82%A7%E3%83%83%E3%82%B7%E3%83%A7%E3%83%8A%E3%83%AB_(%E3%82%B5%E3%83%83%E3%82%AB%E3%83%BC),finished,100,100,2025-05-07T01:26:17.994428Z,2025-05-07T01:26:17.257754Z
https://ja.wikipedia.org/wiki/%E6%B7%A1%E8%B7%AF%E5%9B%BD%E9%81%93%E3%83%9E%E3%83%84%E4%B8%A6%E6%9C%A8,finished,117,100,2025-05-07T01:26:19.133780Z,2025-05-07T01:26:18.081746Z
https://ja.wikipedia.org/wiki/%E5%85%B5%E5%BA%AB%E7%9C%8C,finished,243,100,2025-05-07T01:26:20.671727Z,2025-05-07T01:26:18.252846Z
https://ja.wikipedia.org/wiki/%E5%8D%97%E3%81%82%E3%82%8F%E3%81%98%E5%B8%82,finished,138,100,2025-05-07T01:26:20.575151Z,2025-05-07T01:26:18.823816Z
https://ja.wikipedia.org/wiki/%E5%9B%BD%E9%81%9328%E5%8F%B7,finished,103,100,2025-05-07T01:26:20.612229Z,2025-05-07T01:26:19.174273Z
https://ja.wikipedia.org/wiki/%E3%82%AF%E3%83%AD%E3%83%9E%E3%83%84,finished,169,100,2025-05-07T01:26:20.836741Z,2025-05-07T01:26:19.531451Z
https://ja.wikipedia.org/wiki/Wikipedia:%E8%89%AF%E8%B3%AA%E3%81%AA%E8%A8%98%E4%BA%8B,finished,36,100,2025-05-07T01:26:21.590123Z,2025-05-07T01:26:20.673968Z
https://ja.wikipedia.org/wiki/%E5%A4%A9%E7%84%B6%E8%A8%98%E5%BF%B5%E7%89%A9,finished,51,100,2025-05-07T01:26:21.508446Z,2025-05-07T01:26:20.667058Z
https://ja.wikipedia.org/wiki/Wikipedia:%E8%89%AF%E8%B3%AA%E3%83%94%E3%83%83%E3%82%AF%E3%82%A2%E3%83%83%E3%83%97,finished,16,100,2025-05-07T01:26:21.695070Z,2025-05-07T01:26:20.838723Z
https://ja.wikipedia.org/wiki/%E7%89%B9%E5%88%A5:%E3%82%AB%E3%83%86%E3%82%B4%E3%83%AA%E5%86%85%E3%81%8A%E3%81%BE%E3%81%8B%E3%81%9B%E8%A1%A8%E7%A4%BA/%E8%89%AF%E8%B3%AA%E3%81%AA%E8%A8%98%E4%BA%8B,finished,343,100,2025-05-07T01:26:22.829464Z,2025-05-07T01:26:20.790119Z
https://ja.wikipedia.org/wiki/Wikipedia:%E8%89%AF%E8%B3%AA%E3%81%AA%E8%A8%98%E4%BA%8B/%E8%89%AF%E8%B3%AA%E3%81%AA%E8%A8%98%E4%BA%8B%E3%81%AE%E9%81%B8%E8%80%83,finished,49,100,2025-05-07T01:26:22.887430Z,2025-05-07T01:26:20.874220Z
https://ja.wikipedia.org/wiki/%E7%94%BB%E6%9E%B6%E3%81%AE%E5%89%8D%E3%81%AE%E8%87%AA%E7%94%BB%E5%83%8F_(%E3%83%AC%E3%83%B3%E3%83%96%E3%83%A9%E3%83%B3%E3%83%88),finished,45,100,2025-05-07T01:26:22.587684Z,2025-05-07T01:26:21.595476Z
https://ja.wikipedia.org/wiki/17%E4%B8%96%E7%B4%80,finished,43,100,2025-05-07T01:26:23.315335Z,2025-05-07T01:26:21.669553Z
https://ja.wikipedia.org/wiki/%E3%82%AA%E3%83%A9%E3%83%B3%E3%83%80%E9%BB%84%E9%87%91%E6%99%82%E4%BB%A3%E3%81%AE%E7%B5%B5%E7%94%BB,finished,152,100,2025-05-07T01:26:22.825342Z,2025-05-07T01:26:21.749739Z
https://ja.wikipedia.org/wiki/%E3%83%AC%E3%83%B3%E3%83%96%E3%83%A9%E3%83%B3%E3%83%88%E3%83%BB%E3%83%95%E3%82%A1%E3%83%B3%E3%83%BB%E3%83%AC%E3%82%A4%E3%83%B3,finished,354,100,2025-05-07T01:26:24.693261Z,2025-05-07T01:26:22.868063Z
https://ja.wikipedia.org/wiki/1660%E5%B9%B4,finished,13,100,2025-05-07T01:26:24.691880Z,2025-05-07T01:26:22.929109Z
https://ja.wikipedia.org/wiki/%E6%B2%B9%E5%BD%A9,finished,48,100,2025-05-07T01:26:24.615230Z,2025-05-07T01:26:23.317713Z
https://ja.wikipedia.org/wiki/%E8%87%AA%E7%94%BB%E5%83%8F,finished,18,100,2025-05-07T01:26:24.339831Z,2025-05-07T01:26:23.330925Z
https://ja.wikipedia.org/wiki/%E3%82%AD%E3%83%A3%E3%83%B3%E3%83%90%E3%82%B9,finished,10,100,2025-05-07T01:26:24.536799Z,2025-05-07T01:26:23.044210Z
https://ja.wikipedia.org/wiki/%E3%83%AB%E3%82%A414%E4%B8%96_(%E3%83%95%E3%83%A9%E3%83%B3%E3%82%B9%E7%8E%8B),finished,529,100,2025-05-07T01:26:25.989798Z,2025-05-07T01:26:24.695850Z
https://ja.wikipedia.org/wiki/%E3%82%AB%E3%83%AC%E3%83%B3%E6%97%8F%E3%81%AE%E7%8B%AC%E7%AB%8B%E9%81%8B%E5%8B%95,finished,215,100,2025-05-07T01:26:25.532597Z,2025-05-07T01:26:24.722461Z
https://ja.wikipedia.org/wiki/1671%E5%B9%B4,finished,10,100,2025-05-07T01:26:25.456070Z,2025-05-07T01:26:24.614294Z
https://ja.wikipedia.org/wiki/%E6%9D%B1%E5%8D%97%E3%82%A2%E3%82%B8%E3%82%A2,finished,44,100,2025-05-07T01:26:25.794214Z,2025-05-07T01:26:24.746053Z
https://ja.wikipedia.org/wiki/%E3%83%95%E3%83%A9%E3%83%B3%E3%82%B9,finished,435,100,2025-05-07T01:26:26.608478Z,2025-05-07T01:26:24.694676Z
https://ja.wikipedia.org/wiki/%E3%82%AB%E3%83%AC%E3%83%B3%E6%B0%91%E6%97%8F%E5%90%8C%E7%9B%9F,finished,322,100,2025-05-07T01:26:26.858736Z,2025-05-07T01:26:25.896321Z
https://ja.wikipedia.org/wiki/%E3%82%BD%E3%83%BC%E3%83%BB%E3%83%90%E3%82%A6%E3%82%B8%E3%83%BC,finished,127,100,2025-05-07T01:26:26.704122Z,2025-05-07T01:26:25.992179Z
https://ja.wikipedia.org/wiki/%E3%82%AB%E3%83%AC%E3%83%B3%E6%97%8F,finished,49,100,2025-05-07T01:26:26.850364Z,2025-05-07T01:26:26.088485Z
https://ja.wikipedia.org/wiki/%E3%82%A4%E3%82%AE%E3%83%AA%E3%82%B9,finished,425,100,2025-05-07T01:26:27.878021Z,2025-05-07T01:26:25.558799Z
https://ja.wikipedia.org/wiki/%E3%82%B7%E3%83%A3%E3%83%B3%E6%97%8F,finished,19,100,2025-05-07T01:26:27.830035Z,2025-05-07T01:26:26.822576Z
https://ja.wikipedia.org/wiki/%E3%82%AA%E3%83%87%E3%83%83%E3%82%B5%E7%BE%8E%E8%A1%93%E9%A4%A8,finished,42,100,2025-05-07T01:26:27.807364Z,2025-05-07T01:26:26.862106Z
https://ja.wikipedia.org/wiki/%E3%83%93%E3%83%AB%E3%83%9E%E6%97%8F,finished,15,100,2025-05-07T01:26:27.877408Z,2025-05-07T01:26:26.772420Z
https://ja.wikipedia.org/wiki/%E3%82%A6%E3%82%AF%E3%83%A9%E3%82%A4%E3%83%8A,finished,698,100,2025-05-07T01:26:29.547177Z,2025-05-07T01:26:27.298319Z
https://ja.wikipedia.org/wiki/%E7%BE%8E%E8%A1%93%E9%A4%A8,finished,22,100,2025-05-07T01:26:28.636269Z,2025-05-07T01:26:27.880743Z
https://ja.wikipedia.org/wiki/1899%E5%B9%B4,finished,57,100,2025-05-07T01:26:29.530921Z,2025-05-07T01:26:27.908214Z
https://ja.wikipedia.org/wiki/%E3%82%AA%E3%83%87%E3%83%BC%E3%82%B5,finished,340,100,2025-05-07T01:26:29.372780Z,2025-05-07T01:26:27.878244Z
https://ja.wikipedia.org/wiki/19%E4%B8%96%E7%B4%80,finished,70,100,2025-05-07T01:26:30.203478Z,2025-05-07T01:26:27.941272Z
https://ja.wikipedia.org/wiki/%E3%83%98%E3%83%AB%E3%82%BD%E3%83%B3%E7%BE%8E%E8%A1%93%E9%A4%A8,finished,25,100,2025-05-07T01:26:29.880788Z,2025-05-07T01:26:28.944078Z
https://ja.wikipedia.org/wiki/%E3%83%98%E3%83%AB%E3%82%BD%E3%83%B3,finished,43,100,2025-05-07T01:26:30.519316Z,2025-05-07T01:26:29.563140Z
https://ja.wikipedia.org/wiki/1978%E5%B9%B4,finished,68,100,2025-05-07T01:26:31.049121Z,2025-05-07T01:26:29.958972Z
https://ja.wikipedia.org/wiki/20%E4%B8%96%E7%B4%80,finished,63,100,2025-05-07T01:26:31.553613Z,2025-05-07T01:26:30.205666Z
https://ja.wikipedia.org/wiki/5%E6%9C%8827%E6%97%A5,finished,32,100,2025-05-07T01:26:31.472734Z,2025-05-07T01:26:30.203306Z
https://ja.wikipedia.org/wiki/%E3%82%AB%E3%82%BF%E3%82%B3%E3%83%B3%E3%83%99%E6%96%87%E5%8C%96,finished,171,100,2025-05-07T01:26:31.564502Z,2025-05-07T01:26:30.310795Z
https://ja.wikipedia.org/wiki/%E9%9D%92%E9%8A%85%E5%99%A8%E6%99%82%E4%BB%A3,finished,34,100,2025-05-07T01:26:31.612617Z,2025-05-07T01:26:30.521485Z
https://ja.wikipedia.org/wiki/%E3%83%A4%E3%83%A0%E3%83%8A%E6%96%87%E5%8C%96,finished,17,100,2025-05-07T01:26:32.026510Z,2025-05-07T01:26:31.564040Z
https://ja.wikipedia.org/wiki/%E3%82%A4%E3%83%B3%E3%83%89%E3%83%BB%E3%83%A8%E3%83%BC%E3%83%AD%E3%83%83%E3%83%91%E8%AA%9E%E6%97%8F,finished,411,100,2025-05-07T01:26:32.805727Z,2025-05-07T01:26:31.570600Z
https://ja.wikipedia.org/wiki/Wikipedia:%E3%83%A1%E3%82%A4%E3%83%B3%E3%83%9A%E3%83%BC%E3%82%B8%E6%96%B0%E7%9D%80%E6%8A%95%E7%A5%A8%E6%89%80#新しい記事投票所,finished,0,100,2025-05-07T01:26:32.759531Z,2025-05-07T01:26:31.640741Z
https://ja.wikipedia.org/wiki/%E3%83%88%E3%82%AB%E3%83%A9%E8%AA%9E,finished,34,100,2025-05-07T01:26:32.253901Z,2025-05-07T01:26:31.583987Z
https://ja.wikipedia.org/wiki/Wikipedia:%E6%9C%88%E9%96%93%E6%96%B0%E8%A8%98%E4%BA%8B%E8%B3%9E,finished,13,100,2025-05-07T01:26:32.358302Z,2025-05-07T01:26:31.665472Z
https://ja.wikipedia.org/wiki/%E7%89%B9%E5%88%A5:%E6%96%B0%E7%9D%80%E3%83%95%E3%82%A1%E3%82%A4%E3%83%AB,finished,1,100,2025-05-07T01:26:33.918095Z,2025-05-07T01:26:32.080843Z
https://ja.wikipedia.org/wiki/%E3%83%95%E3%82%A1%E3%82%A4%E3%83%AB:Sumikawa_Snow_Park_202503-3.jpg,finished,4,100,2025-05-07T01:26:32.909016Z,2025-05-07T01:26:32.335553Z
https://ja.wikipedia.org/wiki/%E3%81%99%E3%81%BF%E3%81%8B%E3%82%8F%E3%82%B9%E3%83%8E%E3%83%BC%E3%83%91%E3%83%BC%E3%82%AF,finished,6,100,2025-05-07T01:26:33.089878Z,2025-05-07T01:26:32.548392Z
https://ja.wikipedia.org/wiki/%E5%AE%AE%E5%9F%8E%E7%9C%8C,finished,239,100,2025-05-07T01:26:34.211227Z,2025-05-07T01:26:32.807565Z
https://ja.wikipedia.org/wiki/%E8%94%B5%E7%8E%8B%E7%94%BA,finished,44,100,2025-05-07T01:26:33.639699Z,2025-05-07T01:26:32.859921Z
https://ja.wikipedia.org/wiki/%E3%83%95%E3%82%A1%E3%82%A4%E3%83%AB:Kongouhukuji_20250325_1.jpg,finished,4,100,2025-05-07T01:26:33.657055Z,2025-05-07T01:26:32.910937Z
https://ja.wikipedia.org/wiki/%E9%87%91%E5%89%9B%E7%A6%8F%E5%AF%BA,finished,43,100,2025-05-07T01:26:33.877241Z,2025-05-07T01:26:33.092226Z
https://ja.wikipedia.org/wiki/%E9%AB%98%E7%9F%A5%E7%9C%8C,finished,306,100,2025-05-07T01:26:35.257863Z,2025-05-07T01:26:33.753816Z
https://ja.wikipedia.org/wiki/%E5%9C%9F%E4%BD%90%E6%B8%85%E6%B0%B4%E5%B8%82,finished,95,100,2025-05-07T01:26:35.065528Z,2025-05-07T01:26:33.963685Z
https://ja.wikipedia.org/wiki/Wikipedia:%E6%9C%80%E8%BF%91%E5%A4%A7%E5%B9%85%E5%8A%A0%E7%AD%86%E3%81%95%E3%82%8C%E3%81%9F%E8%A8%98%E4%BA%8B,finished,1185,100,2025-05-07T01:26:37.041579Z,2025-05-07T01:26:34.192044Z
https://ja.wikipedia.org/wiki/Wikipedia:%E3%83%A1%E3%82%A4%E3%83%B3%E3%83%9A%E3%83%BC%E3%82%B8%E6%96%B0%E7%9D%80%E6%8A%95%E7%A5%A8%E6%89%80#新しい画像投票所,finished,0,100,2025-05-07T01:26:35.618906Z,2025-05-07T01:26:34.127867Z
https://ja.wikipedia.org/wiki/%E3%83%8A%E3%83%96%E3%83%AB%E3%82%B9%E3%81%AE%E3%82%AA%E3%83%AA%E3%83%BC%E3%83%96%E7%9F%B3%E9%B9%BC,finished,40,100,2025-05-07T01:26:34.954057Z,2025-05-07T01:26:34.263922Z
https://ja.wikipedia.org/wiki/%E3%83%91%E3%83%AC%E3%82%B9%E3%83%81%E3%83%8A,finished,85,100,2025-05-07T01:26:36.325709Z,2025-05-07T01:26:35.066186Z
https://ja.wikipedia.org/wiki/%E3%83%8A%E3%83%BC%E3%83%96%E3%83%AB%E3%82%B9,finished,15,100,2025-05-07T01:26:36.301701Z,2025-05-07T01:26:35.312322Z
https://ja.wikipedia.org/wiki/%E3%83%90%E3%83%BC%E3%82%B8%E3%83%B3%E3%82%AA%E3%83%AA%E3%83%BC%E3%83%96%E3%82%AA%E3%82%A4%E3%83%AB,finished,45,100,2025-05-07T01:26:36.717945Z,2025-05-07T01:26:35.550357Z
https://ja.wikipedia.org/wiki/%E3%82%A2%E3%83%AB%E3%82%AB%E3%83%AA%E6%80%A7,finished,22,100,2025-05-07T01:26:36.937379Z,2025-05-07T01:26:35.875356Z
https://ja.wikipedia.org/wiki/%E3%82%AF%E3%82%B9%E3%83%8E%E3%82%AD%E7%A7%91,finished,586,100,2025-05-07T01:26:37.865898Z,2025-05-07T01:26:36.349375Z
https://ja.wikipedia.org/wiki/%E8%A2%AB%E5%AD%90%E6%A4%8D%E7%89%A9,finished,41,100,2025-05-07T01:26:37.945648Z,2025-05-07T01:26:36.459770Z
https://ja.wikipedia.org/wiki/%E5%B1%9E_(%E5%88%86%E9%A1%9E%E5%AD%A6),finished,18,100,2025-05-07T01:26:37.948625Z,2025-05-07T01:26:37.025989Z
https://ja.wikipedia.org/wiki/%E7%86%B1%E5%B8%AF,finished,44,100,2025-05-07T01:26:38.196194Z,2025-05-07T01:26:37.277168Z
https://ja.wikipedia.org/wiki/%E3%82%AF%E3%82%B9%E3%83%8E%E3%82%AD%E7%9B%AE,finished,12,100,2025-05-07T01:26:38.310909Z,2025-05-07T01:26:37.001857Z
https://ja.wikipedia.org/wiki/%E6%B8%A9%E5%B8%AF,finished,11,100,2025-05-07T01:26:38.381767Z,2025-05-07T01:26:37.951613Z
https://ja.wikipedia.org/wiki/%E3%82%A2%E3%82%B8%E3%82%A2,finished,106,100,2025-05-07T01:26:39.490655Z,2025-05-07T01:26:38.000261Z
https://ja.wikipedia.org/wiki/%E5%8D%97%E3%82%A2%E3%83%A1%E3%83%AA%E3%82%AB,finished,78,100,2025-05-07T01:26:39.451272Z,2025-05-07T01:26:38.006888Z
https://ja.wikipedia.org/wiki/%E3%82%AF%E3%82%B9%E3%83%8E%E3%82%AD,finished,290,100,2025-05-07T01:26:39.589422Z,2025-05-07T01:26:38.198480Z
https://ja.wikipedia.org/wiki/%E3%82%BF%E3%83%96%E3%83%8E%E3%82%AD,finished,110,100,2025-05-07T01:26:39.462704Z,2025-05-07T01:26:38.336637Z
https://ja.wikipedia.org/wiki/%E3%83%8F%E3%83%9E%E3%83%93%E3%83%AF,finished,23,100,2025-05-07T01:26:39.295745Z,2025-05-07T01:26:38.384333Z
https://ja.wikipedia.org/wiki/%E7%94%9F%E7%89%A9%E5%9C%8F,finished,46,100,2025-05-07T01:26:40.040215Z,2025-05-07T01:26:39.590990Z
https://ja.wikipedia.org/wiki/%E3%82%AF%E3%83%AD%E3%83%A2%E3%82%B8,finished,263,100,2025-05-07T01:26:40.346697Z,2025-05-07T01:26:39.443803Z
https://ja.wikipedia.org/wiki/%E5%9C%B0%E5%9C%8F,finished,13,100,2025-05-07T01:26:40.250098Z,2025-05-07T01:26:39.698726Z
https://ja.wikipedia.org/wiki/%E7%82%AD%E7%B4%A0%E5%BE%AA%E7%92%B0,finished,313,100,2025-05-07T01:26:40.561942Z,2025-05-07T01:26:39.524682Z
https://ja.wikipedia.org/wiki/%E5%9C%9F%E5%A3%8C%E5%9C%8F,finished,9,100,2025-05-07T01:26:40.268802Z,2025-05-07T01:26:39.644849Z
https://ja.wikipedia.org/wiki/%E6%B0%B4%E5%9C%8F,finished,15,100,2025-05-07T01:26:40.695466Z,2025-05-07T01:26:40.087441Z
https://ja.wikipedia.org/wiki/%E5%A4%A7%E6%B0%97%E5%9C%8F,finished,17,100,2025-05-07T01:26:40.895651Z,2025-05-07T01:26:40.391918Z
https://ja.wikipedia.org/wiki/%E7%82%AD%E7%B4%A0,finished,255,100,2025-05-07T01:26:41.755168Z,2025-05-07T01:26:40.516461Z
https://ja.wikipedia.org/wiki/%E7%94%9F%E7%89%A9%E5%9C%B0%E7%90%83%E5%8C%96%E5%AD%A6%E7%9A%84%E5%BE%AA%E7%92%B0,finished,14,100,2025-05-07T01:26:40.973791Z,2025-05-07T01:26:40.565974Z
https://ja.wikipedia.org/wiki/%E7%9F%B3%E7%81%B0%E5%B2%A9,finished,20,100,2025-05-07T01:26:41.341451Z,2025-05-07T01:26:40.616322Z
https://ja.wikipedia.org/wiki/%E5%B2%A9%E7%9F%B3,finished,222,100,2025-05-07T01:26:41.733192Z,2025-05-07T01:26:40.697946Z
https://ja.wikipedia.org/wiki/Wikipedia:%E6%9C%80%E8%BF%91%E5%A4%A7%E5%B9%85%E5%8A%A0%E7%AD%86%E3%81%95%E3%82%8C%E3%81%9F%E8%A8%98%E4%BA%8B/2025%E5%B9%B4,finished,378,100,2025-05-07T01:26:43.066019Z,2025-05-07T01:26:40.898316Z
https://ja.wikipedia.org/wiki/Wikipedia:%E3%83%A1%E3%82%A4%E3%83%B3%E3%83%9A%E3%83%BC%E3%82%B8%E5%BC%B7%E5%8C%96%E8%A8%98%E4%BA%8B%E6%8A%95%E7%A5%A8%E6%89%80/%E9%A0%85%E7%9B%AE%E5%80%99%E8%A3%9C,finished,48,100,2025-05-07T01:26:42.674434Z,2025-05-07T01:26:41.383541Z
https://ja.wikipedia.org/wiki/Wikipedia:%E6%9C%88%E9%96%93%E5%BC%B7%E5%8C%96%E8%A8%98%E4%BA%8B%E8%B3%9E,finished,12,100,2025-05-07T01:26:43.335982Z,2025-05-07T01:26:41.400352Z
https://ja.wikipedia.org/wiki/Wikipedia:%E7%A7%80%E9%80%B8%E3%81%AA%E7%94%BB%E5%83%8F,finished,34,100,2025-05-07T01:26:42.253678Z,2025-05-07T01:26:41.758000Z
https://ja.wikipedia.org/wiki/Wikipedia:%E4%BB%8A%E6%97%A5%E3%81%AE%E4%B8%80%E6%9E%9A,finished,6,100,2025-05-07T01:26:42.266355Z,2025-05-07T01:26:41.811303Z
https://ja.wikipedia.org/wiki/%E3%83%95%E3%82%A1%E3%82%A4%E3%83%AB:20100721_Sakurajima_Nagisa_Lava_Trail_3968.jpg,finished,5,100,2025-05-07T01:26:42.805048Z,2025-05-07T01:26:42.267704Z
https://ja.wikipedia.org/wiki/%E6%A1%9C%E5%B3%B6,finished,275,100,2025-05-07T01:26:43.264546Z,2025-05-07T01:26:42.320480Z
https://ja.wikipedia.org/wiki/%E9%B9%BF%E5%85%90%E5%B3%B6%E7%9C%8C,finished,298,100,2025-05-07T01:26:44.676512Z,2025-05-07T01:26:42.803071Z
https://ja.wikipedia.org/wiki/%E9%B9%BF%E5%85%90%E5%B3%B6%E5%B8%82,finished,411,100,2025-05-07T01:26:45.152816Z,2025-05-07T01:26:43.097792Z
https://ja.wikipedia.org/wiki/Wikipedia:%E7%A7%80%E9%80%B8%E3%81%AA%E7%94%BB%E5%83%8F%E3%81%AE%E6%8E%A8%E8%96%A6,finished,34,100,2025-05-07T01:26:44.541668Z,2025-05-07T01:26:43.265597Z
https://ja.wikipedia.org/wiki/Wikipedia:%E4%BB%8A%E6%97%A5%E3%81%AF%E4%BD%95%E3%81%AE%E6%97%A5_5%E6%9C%88,finished,33,100,2025-05-07T01:26:44.483711Z,2025-05-07T01:26:43.340983Z
https://ja.wikipedia.org/wiki/5%E6%9C%886%E6%97%A5,finished,22,100,2025-05-07T01:26:44.794616Z,2025-05-07T01:26:43.391163Z
https://ja.wikipedia.org/wiki/%E8%81%96%E5%BE%B3%E5%A4%AA%E5%AD%90,finished,197,100,2025-05-07T01:26:45.585433Z,2025-05-07T01:26:44.595509Z
https://ja.wikipedia.org/wiki/%E5%8D%81%E4%B8%83%E6%9D%A1%E6%86%B2%E6%B3%95,finished,49,100,2025-05-07T01:26:45.849967Z,2025-05-07T01:26:44.909966Z
https://ja.wikipedia.org/wiki/604%E5%B9%B4,finished,8,100,2025-05-07T01:26:46.340473Z,2025-05-07T01:26:45.007156Z
https://ja.wikipedia.org/wiki/%E6%8E%A8%E5%8F%A4%E5%A4%A9%E7%9A%87,finished,209,100,2025-05-07T01:26:46.192571Z,2025-05-07T01:26:45.155294Z
https://ja.wikipedia.org/wiki/4%E6%9C%883%E6%97%A5_(%E6%97%A7%E6%9A%A6),finished,6,100,2025-05-07T01:26:45.885876Z,2025-05-07T01:26:45.207236Z
https://ja.wikipedia.org/wiki/1527%E5%B9%B4,finished,7,100,2025-05-07T01:26:46.698684Z,2025-05-07T01:26:46.028441Z
https://ja.wikipedia.org/wiki/%E4%BC%8A%E9%81%94%E9%A8%92%E5%8B%95,finished,35,100,2025-05-07T01:26:46.799838Z,2025-05-07T01:26:46.267786Z
https://ja.wikipedia.org/wiki/%E5%AF%9B%E6%96%87,finished,18,100,2025-05-07T01:26:46.937318Z,2025-05-07T01:26:46.342975Z
https://ja.wikipedia.org/wiki/3%E6%9C%8827%E6%97%A5_(%E6%97%A7%E6%9A%A6),finished,6,100,2025-05-07T01:26:47.058646Z,2025-05-07T01:26:46.384743Z
https://ja.wikipedia.org/wiki/%E3%83%AD%E3%83%BC%E3%83%9E%E7%95%A5%E5%A5%AA,finished,6,100,2025-05-07T01:26:46.926340Z,2025-05-07T01:26:45.953729Z
https://ja.wikipedia.org/wiki/%E3%82%AB%E3%83%BC%E3%83%AB%E3%83%BB%E3%83%95%E3%83%AA%E3%83%BC%E3%83%89%E3%83%AA%E3%83%92%E3%83%BB%E3%82%AC%E3%82%A6%E3%82%B9,finished,71,100,2025-05-07T01:26:47.731148Z,2025-05-07T01:26:46.732931Z
https://ja.wikipedia.org/wiki/%E3%82%B2%E3%83%83%E3%83%86%E3%82%A3%E3%83%B3%E3%82%B2%E3%83%B3,finished,110,100,2025-05-07T01:26:48.209334Z,2025-05-07T01:26:46.941279Z
https://ja.wikipedia.org/wiki/%E9%9B%BB%E4%BF%A1,finished,90,100,2025-05-07T01:26:48.015085Z,2025-05-07T01:26:46.985434Z
https://ja.wikipedia.org/wiki/%E3%83%B4%E3%82%A3%E3%83%AB%E3%83%98%E3%83%AB%E3%83%A0%E3%83%BB%E3%83%B4%E3%82%A7%E3%83%BC%E3%83%90%E3%83%BC,finished,11,100,2025-05-07T01:26:47.999692Z,2025-05-07T01:26:46.938182Z
https://ja.wikipedia.org/wiki/1833%E5%B9%B4,finished,7,100,2025-05-07T01:26:48.293676Z,2025-05-07T01:26:47.060831Z
https://ja.wikipedia.org/wiki/%E3%83%91%E3%83%AA%E4%B8%87%E5%9B%BD%E5%8D%9A%E8%A6%A7%E4%BC%9A_(1889%E5%B9%B4),finished,16,100,2025-05-07T01:26:48.329363Z,2025-05-07T01:26:47.811929Z
https://ja.wikipedia.org/wiki/%E3%83%92%E3%83%B3%E3%83%87%E3%83%B3%E3%83%96%E3%83%AB%E3%82%AF%E5%8F%B7%E7%88%86%E7%99%BA%E4%BA%8B%E6%95%85,finished,27,100,2025-05-07T01:26:48.766146Z,2025-05-07T01:26:48.293367Z
https://ja.wikipedia.org/wiki/1937%E5%B9%B4,finished,81,100,2025-05-07T01:26:49.645767Z,2025-05-07T01:26:48.333128Z
https://ja.wikipedia.org/wiki/%E3%83%A8%E3%82%B7%E3%83%95%E3%83%BB%E3%82%B9%E3%82%BF%E3%83%BC%E3%83%AA%E3%83%B3,finished,1241,100,2025-05-07T01:26:51.493763Z,2025-05-07T01:26:48.351199Z
https://ja.wikipedia.org/wiki/1889%E5%B9%B4,finished,52,100,2025-05-07T01:26:49.705446Z,2025-05-07T01:26:48.242055Z
https://ja.wikipedia.org/wiki/%E3%82%BD%E3%83%93%E3%82%A8%E3%83%88%E9%80%A3%E9%82%A6%E3%81%AE%E9%A6%96%E7%9B%B8,finished,4,100,2025-05-07T01:26:49.078704Z,2025-05-07T01:26:48.438834Z
https://ja.wikipedia.org/wiki/1941%E5%B9%B4,finished,98,100,2025-05-07T01:26:50.833461Z,2025-05-07T01:26:48.896935Z
https://ja.wikipedia.org/wiki/%E3%83%97%E3%83%AD%E3%82%B0%E3%83%A9%E3%83%A0%E5%86%85%E8%94%B5%E6%96%B9%E5%BC%8F,finished,11,100,2025-05-07T01:26:50.229234Z,2025-05-07T01:26:49.575174Z
https://ja.wikipedia.org/wiki/EDSAC,finished,41,100,2025-05-07T01:26:50.739806Z,2025-05-07T01:26:49.745692Z
https://ja.wikipedia.org/wiki/1949%E5%B9%B4,finished,54,100,2025-05-07T01:26:51.325998Z,2025-05-07T01:26:49.888888Z
https://ja.wikipedia.org/wiki/%E8%91%97%E4%BD%9C%E6%A8%A9%E6%B3%95,finished,267,100,2025-05-07T01:26:51.671159Z,2025-05-07T01:26:50.274177Z
https://ja.wikipedia.org/wiki/%E8%91%97%E4%BD%9C%E6%A8%A9%E3%81%AE%E4%BF%9D%E8%AD%B7%E6%9C%9F%E9%96%93,finished,102,100,2025-05-07T01:26:51.677874Z,2025-05-07T01:26:50.788024Z
https://ja.wikipedia.org/wiki/1970%E5%B9%B4,finished,83,100,2025-05-07T01:26:53.374729Z,2025-05-07T01:26:51.009641Z
https://ja.wikipedia.org/wiki/%E8%8B%B1%E4%BB%8F%E6%B5%B7%E5%B3%A1%E3%83%88%E3%83%B3%E3%83%8D%E3%83%AB,finished,36,100,2025-05-07T01:26:52.118235Z,2025-05-07T01:26:51.488428Z
https://ja.wikipedia.org/wiki/1994%E5%B9%B4,finished,63,100,2025-05-07T01:26:52.967504Z,2025-05-07T01:26:51.681914Z
https://ja.wikipedia.org/wiki/Wikipedia:%E5%AD%A3%E7%AF%80%E3%81%AE%E8%A9%B1%E9%A1%8C,finished,13,100,2025-05-07T01:26:52.015854Z,2025-05-07T01:26:51.731810Z
https://ja.wikipedia.org/wiki/%E3%83%95%E3%82%A1%E3%82%A4%E3%83%AB:Minano_Papaver_Rhoeas_Field_1.jpg,finished,6,100,2025-05-07T01:26:52.604594Z,2025-05-07T01:26:51.786601Z
https://ja.wikipedia.org/wiki/%E6%98%A5,finished,58,100,2025-05-07T01:26:53.150548Z,2025-05-07T01:26:52.019370Z
https://ja.wikipedia.org/wiki/%E3%82%B4%E3%83%BC%E3%83%AB%E3%83%87%E3%83%B3%E3%82%A6%E3%82%A3%E3%83%BC%E3%82%AF,finished,83,100,2025-05-07T01:26:53.431378Z,2025-05-07T01:26:52.642437Z
https://ja.wikipedia.org/wiki/%E6%BD%AE%E5%B9%B2%E7%8B%A9%E3%82%8A,finished,18,100,2025-05-07T01:26:53.358463Z,2025-05-07T01:26:52.610608Z
https://ja.wikipedia.org/wiki/%E3%82%BF%E3%82%B1%E3%83%8E%E3%82%B3,finished,232,100,2025-05-07T01:26:53.696241Z,2025-05-07T01:26:53.050588Z
https://ja.wikipedia.org/wiki/%E3%83%A1%E3%83%BC%E3%83%87%E3%83%BC,finished,80,100,2025-05-07T01:26:54.409612Z,2025-05-07T01:26:53.298407Z
https://ja.wikipedia.org/wiki/%E5%85%AB%E5%8D%81%E5%85%AB%E5%A4%9C,finished,7,100,2025-05-07T01:26:54.127217Z,2025-05-07T01:26:53.434229Z
https://ja.wikipedia.org/wiki/%E7%AB%AF%E5%8D%88%E3%81%AE%E7%AF%80%E5%8F%A5,finished,205,100,2025-05-07T01:26:54.484813Z,2025-05-07T01:26:53.479951Z
https://ja.wikipedia.org/wiki/%E3%81%93%E3%81%84%E3%81%AE%E3%81%BC%E3%82%8A,finished,71,100,2025-05-07T01:26:54.341973Z,2025-05-07T01:26:53.486908Z
https://ja.wikipedia.org/wiki/%E6%9F%8F%E9%A4%85,finished,24,100,2025-05-07T01:26:54.495268Z,2025-05-07T01:26:53.700123Z
https://ja.wikipedia.org/wiki/%E7%B2%BD,finished,82,100,2025-05-07T01:26:54.970471Z,2025-05-07T01:26:54.268006Z
https://ja.wikipedia.org/wiki/%E6%96%B0%E7%B7%91,finished,23,100,2025-05-07T01:26:54.943628Z,2025-05-07T01:26:54.493294Z
https://ja.wikipedia.org/wiki/%E3%83%95%E3%82%B8_(%E6%A4%8D%E7%89%A9),finished,236,100,2025-05-07T01:26:55.256776Z,2025-05-07T01:26:54.539192Z
https://ja.wikipedia.org/wiki/%E7%94%B0%E6%A4%8D%E3%81%88,finished,17,100,2025-05-07T01:26:54.980816Z,2025-05-07T01:26:54.550589Z
https://ja.wikipedia.org/wiki/%E3%82%A8%E3%83%B3%E3%83%89%E3%82%A6,finished,73,100,2025-05-07T01:26:55.222805Z,2025-05-07T01:26:54.591345Z
https://ja.wikipedia.org/wiki/%E3%82%AB%E3%83%BC%E3%83%8D%E3%83%BC%E3%82%B7%E3%83%A7%E3%83%B3,finished,64,100,2025-05-07T01:26:55.560377Z,2025-05-07T01:26:54.997606Z
https://ja.wikipedia.org/wiki/%E5%A4%A7%E7%9B%B8%E6%92%B2,finished,257,100,2025-05-07T01:26:56.833067Z,2025-05-07T01:26:55.202578Z
https://ja.wikipedia.org/wiki/%E6%9C%AC%E5%A0%B4%E6%89%80,finished,93,100,2025-05-07T01:26:56.726584Z,2025-05-07T01:26:55.262064Z
https://ja.wikipedia.org/wiki/2025%E5%B9%B4%E3%81%AE%E7%9B%B8%E6%92%B2,finished,249,100,2025-05-07T01:26:56.692118Z,2025-05-07T01:26:55.282803Z
https://ja.wikipedia.org/wiki/Wikipedia:%E5%AD%A3%E7%AF%80%E3%81%AE%E7%94%BB%E5%83%8F%E6%8A%95%E7%A5%A8%E6%89%80,finished,163,100,2025-05-07T01:26:57.254480Z,2025-05-07T01:26:55.316808Z
https://ja.wikipedia.org/wiki/Wikipedia:%E3%82%A6%E3%82%A3%E3%82%AD%E3%83%9D%E3%83%BC%E3%82%BF%E3%83%AB,finished,10,100,2025-05-07T01:26:56.383147Z,2025-05-07T01:26:55.563520Z
https://ja.wikipedia.org/wiki/Wikipedia:%E3%82%A6%E3%82%A3%E3%82%AD%E3%83%9D%E3%83%BC%E3%82%BF%E3%83%AB#ウィキポータル,finished,1,100,2025-05-07T01:26:57.192823Z,2025-05-07T01:26:56.494760Z
https://ja.wikipedia.org/wiki/Category:%E6%AD%B4%E5%8F%B2%E3%81%AE%E3%83%9D%E3%83%BC%E3%82%BF%E3%83%AB,finished,1,100,2025-05-07T01:26:57.243639Z,2025-05-07T01:26:56.835703Z
https://ja.wikipedia.org/wiki/Category:%E5%9C%B0%E7%90%86%E3%81%AE%E3%83%9D%E3%83%BC%E3%82%BF%E3%83%AB,finished,1,100,2025-05-07T01:26:57.473792Z,2025-05-07T01:26:56.865693Z
https://ja.wikipedia.org/wiki/Category:%E4%BA%BA%E6%96%87%E7%A7%91%E5%AD%A6%E3%81%AE%E3%83%9D%E3%83%BC%E3%82%BF%E3%83%AB,editing,0,0,2025-05-07T01:26:56.833208Z,2025-05-07T01:26:56.833208Z
https://ja.wikipedia.org/wiki/Category:%E7%A4%BE%E4%BC%9A%E7%A7%91%E5%AD%A6%E3%81%AE%E3%83%9D%E3%83%BC%E3%82%BF%E3%83%AB,finished,1,100,2025-05-07T01:26:57.758596Z,2025-05-07T01:26:57.242389Z
https://ja.wikipedia.org/wiki/Category:%E8%87%AA%E7%84%B6%E7%A7%91%E5%AD%A6%E3%81%AE%E3%83%9D%E3%83%BC%E3%82%BF%E3%83%AB,finished,1,100,2025-05-07T01:26:57.832947Z,2025-05-07T01:26:57.476953Z
https://ja.wikipedia.org/wiki/Category:%E6%8A%80%E8%A1%93%E3%81%A8%E7%94%A3%E6%A5%AD%E3%81%AE%E3%83%9D%E3%83%BC%E3%82%BF%E3%83%AB,finished,1,100,2025-05-07T01:26:57.877110Z,2025-05-07T01:26:57.510040Z
https://ja.wikipedia.org/wiki/Category:%E6%96%87%E5%8C%96%E3%81%A8%E8%8A%B8%E8%A1%93%E3%81%AE%E3%83%9D%E3%83%BC%E3%82%BF%E3%83%AB,finished,1,100,2025-05-07T01:26:57.912921Z,2025-05-07T01:26:57.562965Z
https://ja.wikipedia.org/wiki/Category:%E5%A8%AF%E6%A5%BD%E3%81%A8%E3%82%B9%E3%83%9D%E3%83%BC%E3%83%84%E3%81%AE%E3%83%9D%E3%83%BC%E3%82%BF%E3%83%AB,finished,1,100,2025-05-07T01:26:58.130784Z,2025-05-07T01:26:57.761134Z
https://ja.wikipedia.org/wiki/Category:%E3%82%A6%E3%82%A3%E3%82%AD%E3%83%9D%E3%83%BC%E3%82%BF%E3%83%AB,finished,5,100,2025-05-07T01:26:58.280822Z,2025-05-07T01:26:57.835783Z
https://ja.wikipedia.org/wiki/Wikipedia:%E3%82%AC%E3%82%A4%E3%83%89%E3%83%96%E3%83%83%E3%82%AF,editing,0,0,2025-05-07T01:26:57.879434Z,2025-05-07T01:26:57.879434Z
https://ja.wikipedia.org/wiki/Wikipedia:%E5%88%A9%E7%94%A8%E6%A1%88%E5%86%85,editing,0,0,2025-05-07T01:26:57.915272Z,2025-05-07T01:26:57.915272Z
https://ja.wikipedia.org/wiki/Wikipedia:%E6%96%B9%E9%87%9D%E3%81%A8%E3%82%AC%E3%82%A4%E3%83%89%E3%83%A9%E3%82%A4%E3%83%B3,editing,0,0,2025-05-07T01:26:58.135925Z,2025-05-07T01:26:58.135925Z
